BRAND;TYPE;NAME;MODEL;TRANS;COLOR;COUNT;PRICE;TOTAL;DATE;
;;;;;;;;;;
Skoda;SUV;Yeti;;Automatic 6;Red;1;22140;22140;41374;####
Skoda;SUV;Yeti;;Automatic 6;Red;1;22140;22140;41379;####
Skoda;SUV;Yeti;;Manual 6;Blue;1;22140;22140;41360;####
Skoda;SUV;Yeti;;Manual 6;Blue;1;22140;22140;41305;####
Skoda;SUV;Yeti;;Manual 6;Blue;1;22140;22140;41365;####
Skoda;SUV;Yeti;;Manual 6;Blue;1;22140;22140;41310;####
Skoda;SUV;Yeti;;Manual 6;Blue;1;22140;22140;41298;####
Skoda;SUV;Yeti;;Manual 6;Red;1;22140;22140;41368;####
Toyota;Car;Camry;;Automatic 6;Black;1;23220;23220;41883;####
Toyota;Car;Camry;;Automatic 6;Black;1;23220;23220;41891;####
Toyota;Car;Camry;;Automatic 6;Black;1;23220;23220;41897;####
Toyota;Car;Camry;;Automatic 6;Black;1;23220;23220;41898;####
Toyota;Car;Camry;;Automatic 6;Black;1;23220;23220;41899;####
Toyota;Car;Camry;;Automatic 6;Black;1;23220;23220;41900;####
Toyota;Car;Camry;;Manual 6;Black;1;23220;23220;41859;####
Toyota;Car;Camry;;Manual 6;Black;1;23220;23220;41863;####
Toyota;Car;Camry;;Manual 6;Black;1;23220;23220;41871;####
Toyota;Car;Camry;;Manual 6;Black;1;23220;23220;41845;####
Toyota;SUV;Highlander;;Automatic 5;Blue;1;28240;28240;41620;####
Toyota;SUV;Highlander;;Automatic 5;Blue;1;28240;28240;41610;####
Toyota;SUV;Highlander;;Automatic 5;Blue;3;28240;84720;41627;####
Toyota;SUV;Highlander;;Automatic 5;Blue;1;28240;28240;41600;####
Toyota;SUV;Highlander;;Automatic 5;Red;1;28240;28240;41586;####
Toyota;SUV;Highlander;;Automatic 5;Red;1;28240;28240;41591;####
Toyota;SUV;Highlander;;Automatic 5;Red;1;28240;28240;41592;####
Toyota;SUV;Highlander;;Automatic 6;Black;3;28240;84720;41656;####
Toyota;SUV;Highlander;;Automatic 6;Black;3;28240;84720;41660;####
Toyota;SUV;Highlander;;Automatic 6;Black;3;28240;84720;41642;####
Toyota;SUV;RAV4;;Automatic 5;Blue;2;22650;45300;41494;####
Toyota;SUV;RAV4;;Automatic 5;Blue;2;22650;45300;41473;####
Toyota;SUV;RAV4;;Automatic 5;Blue;2;22650;45300;41508;####
Toyota;SUV;RAV4;;Automatic 5;Blue;2;22650;45300;41512;####
Toyota;SUV;RAV4;;Automatic 5;Green;2;22650;45300;41452;####
Toyota;SUV;RAV4;;Manual 5;Green;2;22650;45300;41431;####
Toyota;SUV;RAV4;;Manual 5;Green;2;22650;45300;41438;####
Toyota;SUV;RAV4;;Manual 5;Green;2;22650;45300;41443;####
Toyota;SUV;RAV4;;Manual 5;Green;2;22650;45300;41445;####
Toyota;SUV;RAV4;;Manual 5;Red;2;22650;45300;41394;####
Toyota;SUV;RAV4;;Manual 5;Red;2;22650;45300;41401;####
Toyota;Van;Sienna;;Automatic 6;Blue;1;25060;25060;41340;####
Toyota;Van;Sienna;;Automatic 6;Green;1;25060;25060;41346;####
Toyota;Van;Sienna;;Automatic 6;Green;1;25060;25060;41354;####
Toyota;Van;Sienna;;Automatic 6;Red;1;25060;25060;41305;####
Toyota;Van;Sienna;;Automatic 6;Red;1;25060;25060;41309;####
Toyota;Van;Sienna;;Automatic 6;Red;1;25060;25060;41310;####
Toyota;Van;Sienna;;Automatic 6;Red;1;25060;25060;41311;####
Toyota;Van;Sienna;;Automatic 6;Silver;1;25060;25060;41333;####
Toyota;Van;Sienna;;Automatic 6;Silver;1;25060;25060;41325;####
Toyota;Van;Sienna;;Automatic 6;Silver;1;25060;25060;41326;####
Volkswagen;Car;Golf;;Automatic 6;Black;1;18095;18095;41697;####
Volkswagen;Car;Golf;;Automatic 6;Black;1;18095;18095;41704;####
Volkswagen;Car;Golf;;Automatic 6;Black;1;18095;18095;41705;####
Volkswagen;Car;Golf;;Automatic 6;Black;1;18095;18095;41694;####
Volkswagen;Car;Golf;;Automatic 6;Blue;1;18095;18095;41681;####
Volkswagen;Car;Golf;;Automatic 6;Blue;1;18095;18095;41682;####
Volkswagen;Car;Golf;;Manual 6;Blue;1;18095;18095;41670;####
Volkswagen;Car;Golf;;Manual 6;Blue;1;18095;18095;41675;####
Volkswagen;Car;Golf;;Manual 6;Blue;1;18095;18095;41677;####
Volkswagen;Car;Golf;;Manual 6;Blue;1;18095;18095;41663;####
Chevrolet;Van;Express;1500 Cargo;Automatic 4;Blue;1;25090;25090;41618;####
Chevrolet;Van;Express;1500 Cargo;Automatic 4;Gray;2;25090;50180;41582;####
Chevrolet;Van;Express;1500 Cargo;Automatic 4;Gray;2;25090;50180;41590;####
Chevrolet;Van;Express;1500 Cargo;Automatic 4;Gray;2;25090;50180;41603;####
Chevrolet;Van;Express;1500 Cargo;Automatic 4;Green;2;25090;50180;41606;####
Chevrolet;Van;Express;1500 Cargo;Automatic 6;Green;2;25090;50180;41607;####
Chevrolet;Van;Express;1500 Cargo;Automatic 6;Green;2;25090;50180;41613;####
Chevrolet;Van;Express;1500 Cargo;Automatic 6;Green;2;25090;50180;41610;####
Chevrolet;Van;Express;1500 LS Passenger;Automatic 4;Gray;1;28940;28940;41625;####
Chevrolet;Van;Express;1500 LS Passenger;Automatic 4;Gray;1;28940;28940;41633;####
Chevrolet;Van;Express;1500 LS Passenger;Automatic 4;Green;1;28940;28940;41660;####
Chevrolet;Van;Express;1500 LS Passenger;Automatic 6;Green;1;28940;28940;41654;####
Chevrolet;Van;Express;1500 LS Passenger;Automatic 6;Green;1;28940;28940;41659;####
Chevrolet;Van;Express;1500 LS Passenger;Automatic 6;Red;1;28940;28940;41641;####
Chevrolet;Van;Express;1500 LS Passenger;Automatic 4;Gray;1;28940;28940;41639;####
Chevrolet;Van;Express;1500 LS Passenger;Automatic 4;Gray;1;28940;28940;41624;####
Volkswagen;Car;Beetle;2.0T;Automatic 6;Blue;2;24495;48990;41584;####
Volkswagen;Car;Beetle;2.0T;Automatic 6;Silver;2;24495;48990;41544;####
Volkswagen;Car;Beetle;2.0T;Automatic 6;White;2;24495;48990;41575;####
Volkswagen;Car;Beetle;2.0T;Automatic 6;White;2;24495;48990;41576;####
Volkswagen;Car;Beetle;2.0T;Automatic 6;White;2;24495;48990;41577;####
Volkswagen;Car;Beetle;2.0T;Automatic 6;White;2;24495;48990;41549;####
Volkswagen;Car;Beetle;2.0T;Manual 6;Blue;2;24495;48990;41585;####
Volkswagen;Car;Beetle;2.0T;Manual 6;Silver;1;24495;24495;41541;####
Volkswagen;Car;Beetle;2.0T;Manual 6;Silver;1;24495;24495;41542;####
Subaru;Car;Impreza;2.0i ;Manual 6;Black;2;17895;35790;41950;####
Subaru;Car;Impreza;2.0i ;Manual 6;Black;1;17895;17895;41981;####
Subaru;Car;Impreza;2.0i ;Manual 6;Black;1;17895;17895;41954;####
Subaru;Car;Impreza;2.0i ;Manual 6;Black;1;17895;17895;41985;####
Subaru;Car;Impreza;2.0i ;Manual 6;Black;1;17895;17895;41956;####
Subaru;Car;Impreza;2.0i ;Manual 6;Black;3;17895;53685;41988;####
Subaru;Car;Impreza;2.0i ;Manual 6;White;2;17895;35790;41949;####
Subaru;Car;Impreza;2.0i ;Manual 6;White;2;17895;35790;41929;####
Subaru;Car;Impreza;2.0i ;Manual 6;White;2;17895;35790;41933;####
Subaru;SUV;XV Crosstrek;2.0i Limited;Automatic 6;Orange;2;24495;48990;41726;####
Subaru;SUV;XV Crosstrek;2.0i Limited;Automatic 6;Silver;2;24495;48990;41716;####
Subaru;SUV;XV Crosstrek;2.0i Limited;Automatic 6;Silver;2;24495;48990;41688;####
Subaru;SUV;XV Crosstrek;2.0i Limited;Automatic 6;Silver;2;24495;48990;41717;####
Subaru;SUV;XV Crosstrek;2.0i Limited;Manual 6;Orange;2;24495;48990;41669;####
Subaru;SUV;XV Crosstrek;2.0i Limited;Manual 6;Orange;2;24495;48990;41670;####
Subaru;SUV;XV Crosstrek;2.0i Limited;Manual 6;Orange;2;24495;48990;41654;####
Subaru;SUV;XV Crosstrek;2.0i Limited;Manual 6;Orange;2;24495;48990;41659;####
Subaru;SUV;XV Crosstrek;2.0i Limited;Manual 6;Orange;2;24495;48990;41663;####
Subaru;SUV;XV Crosstrek;2.0i Limited;Manual 6;Silver;2;24495;48990;41687;####
Subaru;SUV;XV Crosstrek;2.0i Premium;Automatic 6;Orange;2;21995;43990;41638;####
Subaru;SUV;XV Crosstrek;2.0i Premium;Automatic 6;Orange;2;21995;43990;41639;####
Subaru;SUV;XV Crosstrek;2.0i Premium;Automatic 6;Orange;2;21995;43990;41624;####
Subaru;SUV;XV Crosstrek;2.0i Premium;Automatic 6;Orange;2;21995;43990;41626;####
Subaru;SUV;XV Crosstrek;2.0i Premium;Automatic 6;Silver;2;21995;43990;41645;####
Subaru;SUV;XV Crosstrek;2.0i Premium;Manual 6;Orange;2;21995;43990;41618;####
Subaru;SUV;XV Crosstrek;2.0i Premium;Manual 6;Orange;2;21995;43990;41619;####
Subaru;SUV;XV Crosstrek;2.0i Premium;Manual 6;Silver;2;21995;43990;41597;####
Subaru;SUV;XV Crosstrek;2.0i Premium;Manual 6;Silver;2;21995;43990;41604;####
Subaru;Car;Impreza;2.0i Sport Premium;Manual 6;Black;3;20795;62385;41991;####
Subaru;Car;Impreza;2.0i Sport Premium;Manual 6;Black;3;20795;62385;41992;####
Subaru;Car;Impreza;2.0i Sport Premium;Manual 6;Black;3;20795;62385;41995;####
Subaru;Car;Impreza;2.0i Sport Premium;Manual 6;Black;3;20795;62385;41999;####
Subaru;Car;Impreza;2.0i Sport Premium;Manual 6;White;1;20795;20795;41302;####
Subaru;Car;Impreza;2.0i Sport Premium;Manual 6;White;1;20795;20795;42002;####
Subaru;Car;Impreza;2.0i Sport Premium;Manual 6;White;1;20795;20795;41303;####
Subaru;Car;Impreza;2.0i Sport Premium;Manual 6;White;1;20795;20795;41304;####
Subaru;Car;Impreza;2.0i Sport Premium;Manual 6;White;1;20795;20795;41275;####
Subaru;Car;Impreza;2.0i Sport Premium;Manual 6;White;1;20795;20795;41290;####
Subaru;Car;Impreza;2.0i Sport Premium;Manual 6;White;1;20795;20795;41297;####
Subaru;Car;Impreza;2.0i Sport Premium;Manual 6;White;1;20795;20795;41299;####
Volkswagen;Car;Beetle;2.5;Automatic 6;Silver;1;19995;19995;41535;####
Volkswagen;Car;Beetle;2.5;Automatic 6;Silver;1;19995;19995;41537;####
Volkswagen;Car;Beetle;2.5;Manual 6;Blue;1;19995;19995;41491;####
Volkswagen;Car;Beetle;2.5;Manual 6;Blue;1;19995;19995;41499;####
Volkswagen;Car;Beetle;2.5;Manual 6;Silver;1;19995;19995;41508;####
Volkswagen;Car;Beetle;2.5;Manual 6;White;1;19995;19995;41485;####
Volkswagen;Car;Beetle;2.5;Manual 6;White;1;19995;19995;41437;####
Volkswagen;Car;Beetle;2.5;Manual 6;White;1;19995;19995;41457;####
Volkswagen;Car;Beetle;2.5;Manual 6;White;1;19995;19995;41479;####
Subaru;SUV;Forester;2.5i;Automatic 6;Blue;1;21995;21995;41498;####
Subaru;SUV;Forester;2.5i;Automatic 6;Blue;1;21995;21995;41500;####
Subaru;SUV;Forester;2.5i;Automatic 6;White;1;21995;21995;41505;####
Subaru;SUV;Forester;2.5i;Automatic 6;White;1;21995;21995;41508;####
Subaru;SUV;Forester;2.5i;Manual 6;Blue;1;21995;21995;41484;####
Subaru;SUV;Forester;2.5i;Manual 6;Blue;1;21995;21995;41493;####
Subaru;SUV;Forester;2.5i;Manual 6;Blue;1;21995;21995;41488;####
Subaru;SUV;Forester;2.5i;Manual 6;White;1;21995;21995;41470;####
Subaru;SUV;Forester;2.5i;Manual 6;White;1;21995;21995;41480;####
Subaru;SUV;Forester;2.5i Limited;Automatic 6;Blue;1;27995;27995;41540;####
Subaru;SUV;Forester;2.5i Limited;Automatic 6;Blue;1;27995;27995;41542;####
Subaru;SUV;Forester;2.5i Limited;Automatic 6;White;2;27995;55990;41577;####
Subaru;SUV;Forester;2.5i Limited;Automatic 6;White;2;27995;55990;41585;####
Subaru;SUV;Forester;2.5i Limited;Automatic 6;White;2;27995;55990;41571;####
Subaru;SUV;Forester;2.5i Limited;Automatic 6;White;2;27995;55990;41543;####
Subaru;SUV;Forester;2.5i Limited;Manual 6;Blue;1;27995;27995;41521;####
Subaru;SUV;Forester;2.5i Limited;Manual 6;Blue;1;27995;27995;41528;####
Subaru;SUV;Forester;2.5i Limited;Manual 6;Blue;1;27995;27995;41529;####
Subaru;Car;Legacy;2.5i Premium;Automatic 6;Black;1;22495;22495;41823;####
Subaru;Car;Legacy;2.5i Premium;Automatic 6;Blue;2;22495;44990;41830;####
Subaru;Car;Legacy;2.5i Premium;Automatic 6;Blue;2;22495;44990;41836;####
Subaru;Car;Legacy;2.5i Premium;Automatic 6;Blue;2;22495;44990;41838;####
Subaru;Car;Legacy;2.5i Premium;Manual 6;Black;1;22495;22495;41817;####
Subaru;Car;Legacy;2.5i Premium;Manual 6;Black;1;22495;22495;41821;####
Subaru;Car;Legacy;2.5i Premium;Manual 6;Blue;1;22495;22495;41799;####
Subaru;Car;Legacy;2.5i Premium;Manual 6;Blue;1;22495;22495;41810;####
Subaru;Car;Legacy;2.5i Premium;Manual 6;Blue;1;22495;22495;41782;####
Subaru;Car;Legacy;2.5i Sport;Automatic 6;Black;2;24495;48990;41899;####
Subaru;Car;Legacy;2.5i Sport;Automatic 6;Blue;2;24495;48990;41918;####
Subaru;Car;Legacy;2.5i Sport;Automatic 6;Blue;2;24495;48990;41919;####
Subaru;Car;Legacy;2.5i Sport;Automatic 6;Blue;2;24495;48990;41927;####
Subaru;Car;Legacy;2.5i Sport;Automatic 6;Blue;2;24495;48990;41915;####
Subaru;Car;Legacy;2.5i Sport;Automatic 6;Blue;2;24495;48990;41904;####
Subaru;Car;Legacy;2.5i Sport;Manual 6;Black;2;24495;48990;41887;####
Subaru;Car;Legacy;2.5i Sport;Manual 6;Black;2;24495;48990;41857;####
Subaru;Car;Legacy;2.5i Sport;Manual 6;Black;2;24495;48990;41876;####
Chevrolet;Van;Express;2500 Cargo;Automatic 4;Green;2;38540;77080;41740;####
Chevrolet;Van;Express;2500 Cargo;Automatic 4;Green;2;38540;77080;41752;####
Chevrolet;Van;Express;2500 Cargo;Automatic 4;Silver;2;38540;77080;41733;####
Chevrolet;Van;Express;2500 Cargo;Automatic 6;Green;2;38540;77080;41757;####
Chevrolet;Van;Express;2500 Cargo;Automatic 6;Green;2;38540;77080;41787;####
Chevrolet;Van;Express;2500 Cargo;Automatic 6;Green;1;38540;38540;41799;####
Chevrolet;Van;Express;2500 Cargo;Automatic 6;Green;1;38540;38540;41802;####
Chevrolet;Van;Express;2500 Cargo;Automatic 6;Green;1;38540;38540;41814;####
Chevrolet;Van;Express;2500 Cargo;Automatic 6;Silver;2;38540;77080;41725;####
Chevrolet;Van;Express;2500 Extended Cargo;Automatic 4;Green;1;40400;40400;41829;####
Chevrolet;Van;Express;2500 Extended Cargo;Automatic 4;Green;1;40400;40400;41841;####
Chevrolet;Van;Express;2500 Extended Cargo;Automatic 4;Green;1;40400;40400;41815;####
Chevrolet;Van;Express;2500 Extended Cargo;Automatic 6;Black;1;40400;40400;41880;####
Chevrolet;Van;Express;2500 Extended Cargo;Automatic 6;Black;1;40400;40400;41885;####
Chevrolet;Van;Express;2500 Extended Cargo;Automatic 6;Silver;1;40400;40400;41890;####
Chevrolet;Van;Express;2500 Extended Cargo;Automatic 6;Silver;1;40400;40400;41899;####
Chevrolet;Van;Express;2500 Extended Cargo;Automatic 6;Silver;1;40400;40400;41844;####
Chevrolet;Van;Express;2500 Extended Cargo;Automatic 6;White;1;40400;40400;41848;####
Chevrolet;Van;Express;2500 Extended Cargo;Automatic 6;White;1;40400;40400;41866;####
Chevrolet;Van;Express;2500 LS Passenger;Automatic 4;Gray;1;29835;29835;41705;####
Chevrolet;Van;Express;2500 LS Passenger;Automatic 4;Silver;1;29835;29835;41669;####
Chevrolet;Van;Express;2500 LS Passenger;Automatic 4;Silver;1;29835;29835;41680;####
Chevrolet;Van;Express;2500 LS Passenger;Automatic 4;Silver;1;29835;29835;41684;####
Chevrolet;Van;Express;2500 LS Passenger;Automatic 4;Silver;1;29835;29835;41690;####
Chevrolet;Van;Express;2500 LS Passenger;Automatic 6;Gray;1;29835;29835;41708;####
Chevrolet;Van;Express;2500 LS Passenger;Automatic 6;Gray;1;29835;29835;41719;####
Chevrolet;Van;Express;2500 LS Passenger;Automatic 6;Gray;1;29835;29835;41661;####
Chevrolet;Van;Express;2500 LS Passenger;Automatic 6;Gray;2;29835;59670;41723;####
Subaru;SUV;Tribeca;3.6R Limited;Automatic 6;Silver;1;32595;32595;41764;####
Subaru;SUV;Tribeca;3.6R Limited;Automatic 6;Silver;2;32595;65190;41730;####
Subaru;SUV;Tribeca;3.6R Limited;Automatic 6;Silver;2;32595;65190;41736;####
Subaru;SUV;Tribeca;3.6R Limited;Automatic 6;Silver;1;32595;32595;41771;####
Subaru;SUV;Tribeca;3.6R Limited;Automatic 6;Silver;2;32595;65190;41743;####
Subaru;SUV;Tribeca;3.6R Limited;Automatic 6;Silver;1;32595;32595;41744;####
Subaru;SUV;Tribeca;3.6R Limited;Automatic 6;Silver;1;32595;32595;41774;####
Subaru;SUV;Tribeca;3.6R Limited;Automatic 6;Silver;1;32595;32595;41775;####
Chevrolet;Van;Express;3500 Cargo;Automatic 4;Black;3;41860;125580;41920;####
Chevrolet;Van;Express;3500 Cargo;Automatic 4;White;3;41860;125580;41906;####
Chevrolet;Van;Express;3500 Cargo;Automatic 6;Black;3;41860;125580;41925;####
Chevrolet;Van;Express;3500 Cargo;Automatic 6;Green;1;41860;41860;41942;####
Chevrolet;Van;Express;3500 Cargo;Automatic 6;Green;1;41860;41860;41954;####
Chevrolet;Van;Express;3500 Cargo;Automatic 6;White;3;41860;125580;41926;####
Chevrolet;Van;Express;3500 Cargo;Automatic 6;White;1;41860;41860;41933;####
Chevrolet;Van;Express;3500 Extended Cargo;Automatic 6;Black;1;42745;42745;41984;####
Chevrolet;Van;Express;3500 Extended Cargo;Automatic 6;Black;1;42745;42745;41289;####
Chevrolet;Van;Express;3500 Extended Cargo;Automatic 6;Black;1;42745;42745;41976;####
Chevrolet;Van;Express;3500 Extended Cargo;Automatic 6;Black;1;42745;42745;41996;####
Chevrolet;Van;Express;3500 Extended Cargo;Automatic 6;White;1;42745;42745;41282;####
Chevrolet;Van;Express;3500 Extended Cargo;Automatic 6;White;1;42745;42745;41276;####
Chevrolet;Van;Express;3500 LS Passenger;Automatic 6;Black;1;45070;45070;41338;####
Chevrolet;Van;Express;3500 LS Passenger;Automatic 6;Black;1;45070;45070;41341;####
Chevrolet;Van;Express;3500 LS Passenger;Automatic 6;Black;1;45070;45070;41347;####
Chevrolet;Van;Express;3500 LS Passenger;Automatic 6;Gray;1;45070;45070;41334;####
Chevrolet;Van;Express;3500 LS Passenger;Automatic 6;Gray;1;45070;45070;41312;####
Chevrolet;Van;Express;3500 LS Passenger;Automatic 6;Gray;1;45070;45070;41326;####
Chevrolet;Van;Express;3500 LS Passenger;Automatic 6;White;1;45070;45070;41298;####
Toyota;Car;Yaris;5-door LE;Automatic 4;Red;2;16430;32860;41330;####
Toyota;Car;Yaris;5-door LE;Automatic 4;White;1;16430;16430;41285;####
Toyota;Car;Yaris;5-door LE;Automatic 4;White;1;16430;16430;41320;####
Toyota;Car;Yaris;5-door LE;Automatic 4;White;1;16430;16430;41326;####
Toyota;Car;Yaris;5-door LE;Automatic 4;White;1;16430;16430;41327;####
Toyota;Car;Yaris;5-door LE;Manual 5;Blue;2;16430;32860;41369;####
Toyota;Car;Yaris;5-door LE;Manual 5;Blue;2;16430;32860;41374;####
Toyota;Car;Yaris;5-door LE;Manual 5;Blue;2;16430;32860;41380;####
Toyota;Car;Yaris;5-door LE;Manual 5;Blue;2;16430;32860;41367;####
Toyota;Car;Yaris;5-door LE;Manual 5;Red;2;16430;32860;41360;####
Toyota;Car;Yaris;5-door LE;Manual 5;Red;2;16430;32860;41355;####
Chevrolet;Car;Corvette;Convertible;Automatic 6;Black;1;54600;54600;41849;####
Chevrolet;Car;Corvette;Convertible;Automatic 6;Black;1;54600;54600;41859;####
Chevrolet;Car;Corvette;Convertible;Automatic 6;Black;1;54600;54600;41863;####
Chevrolet;Car;Corvette;Convertible;Automatic 6;Yellow;1;54600;54600;41864;####
Chevrolet;Car;Corvette;Convertible;Manual 6;Orange;1;54600;54600;41831;####
Chevrolet;Car;Corvette;Convertible;Manual 6;Orange;1;54600;54600;41841;####
Chevrolet;Car;Corvette;Convertible;Manual 6;Yellow;1;54600;54600;41829;####
Chevrolet;Car;Corvette;Convertible;Manual 6;Yellow;1;54600;54600;41843;####
Chevrolet;Car;Corvette;Coupe;Automatic 6;Black;1;49600;49600;41821;####
Chevrolet;Car;Corvette;Coupe;Automatic 6;Red;1;49600;49600;41820;####
Chevrolet;Car;Corvette;Coupe;Automatic 6;White;1;49600;49600;41822;####
Chevrolet;Car;Corvette;Coupe;Manual 6;Red;1;49600;49600;41789;####
Chevrolet;Car;Corvette;Coupe;Manual 6;Red;1;49600;49600;41810;####
Chevrolet;Car;Corvette;Coupe;Manual 6;Yellow;1;49600;49600;41787;####
Chevrolet;Car;Corvette;Coupe;Manual 6;Yellow;1;49600;49600;41767;####
Chevrolet;Car;Corvette;Coupe;Manual 6;Yellow;1;49600;49600;41780;####
Ford;Car;Mustang;Coupe;Automatic 6;Black;1;22200;22200;41299;####
Ford;Car;Mustang;Coupe;Automatic 6;Red;1;22200;22200;42002;####
Ford;Car;Mustang;Coupe;Automatic 6;Red;1;22200;22200;41989;####
Ford;Car;Mustang;Coupe;Automatic 6;Red;1;22200;22200;41291;####
Ford;Car;Mustang;Coupe;Automatic 6;Red;1;22200;22200;41295;####
Ford;Car;Mustang;Coupe;Manual 6;Black;1;22200;22200;41988;####
Ford;Car;Mustang;Coupe;Manual 6;Green;1;22200;22200;41970;####
Ford;Car;Mustang;Coupe;Manual 6;Green;1;22200;22200;41978;####
Ford;Car;Mustang;Coupe;Manual 6;Green;1;22200;22200;41968;####
Ford;Car;Mustang;Coupe;Manual 6;Yellow;1;22200;22200;41963;####
Toyota;Truck;Tacoma;Crew;Automatic 5;Black;1;23075;23075;41352;####
Toyota;Truck;Tacoma;Crew;Automatic 5;Black;1;23075;23075;41354;####
Toyota;Truck;Tacoma;Crew;Automatic 5;White;1;23075;23075;41338;####
Toyota;Truck;Tacoma;Crew;Automatic 5;White;1;23075;23075;41339;####
Toyota;Truck;Tacoma;Crew;Automatic 5;White;1;23075;23075;41330;####
Toyota;Truck;Tacoma;Crew;Manual 5;Silver;1;23075;23075;41284;####
Toyota;Truck;Tacoma;Crew;Manual 5;Silver;1;23075;23075;41291;####
Toyota;Truck;Tacoma;Crew;Manual 5;Silver;1;23075;23075;41295;####
Toyota;Truck;Tacoma;Crew;Manual 6;Gray;1;23075;23075;41311;####
Toyota;Truck;Tacoma;Crew;Manual 6;Gray;1;23075;23075;41317;####
Toyota;Truck;Tacoma;Crew;Manual 6;White;1;23075;23075;41323;####
Toyota;Truck;Tacoma;Crew;Manual 6;White;1;23075;23075;41299;####
Chevrolet;Truck;Colorado;Crew Cab;Automatic 4;Blue;1;24285;24285;41718;####
Chevrolet;Truck;Colorado;Crew Cab;Automatic 4;Red;1;24285;24285;41667;####
Chevrolet;Truck;Colorado;Crew Cab;Automatic 4;Red;1;24285;24285;41666;####
Chevrolet;Truck;Colorado;Crew Cab;Automatic 4;Silver;1;24285;24285;41705;####
Chevrolet;Truck;Colorado;Crew Cab;Automatic 4;Silver;1;24285;24285;41633;####
Chevrolet;Truck;Colorado;Crew Cab;Manual 5;Blue;1;24285;24285;41670;####
Chevrolet;Truck;Colorado;Crew Cab;Manual 5;Blue;1;24285;24285;41680;####
Chevrolet;Truck;Colorado;Crew Cab;Manual 5;Silver;1;24285;24285;41697;####
Ford;Truck;F-450;DRW Crew;Automatic 6;Black;2;49395;98790;41954;####
Ford;Truck;F-450;DRW Crew;Automatic 6;Black;2;49395;98790;41957;####
Ford;Truck;F-450;DRW Crew;Automatic 6;Black;2;49395;98790;41960;####
Ford;Truck;F-450;DRW Crew;Automatic 6;Red;2;49395;98790;41922;####
Ford;Truck;F-450;DRW Crew;Automatic 6;Red;2;49395;98790;41926;####
Ford;Truck;F-450;DRW Crew;Automatic 6;Red;2;49395;98790;41928;####
Ford;Truck;F-450;DRW Crew;Automatic 6;White;2;49395;98790;41940;####
Ford;Truck;F-450;DRW Crew;Automatic 6;White;2;49395;98790;41948;####
Ford;Truck;F-450;DRW Crew;Automatic 6;White;2;49395;98790;41932;####
Ford;Truck;F-450;DRW Crew;Automatic 6;White;2;49395;98790;41946;####
Volkswagen;SUV;Touareg;Executive Sport;Automatic 8;Black;1;55675;55675;41275;####
Volkswagen;SUV;Touareg;Executive Sport;Automatic 8;Black;2;55675;111350;41297;####
Volkswagen;SUV;Touareg;Executive Sport;Automatic 8;Blue;1;55675;55675;41977;####
Volkswagen;SUV;Touareg;Executive Sport;Automatic 8;Blue;1;55675;55675;41983;####
Volkswagen;SUV;Touareg;Executive Sport;Automatic 8;Blue;1;55675;55675;41984;####
Volkswagen;SUV;Touareg;Executive Sport;Automatic 8;Blue;1;55675;55675;41988;####
Volkswagen;SUV;Touareg;Executive Sport;Automatic 8;Silver;1;55675;55675;41992;####
Volkswagen;SUV;Touareg;Executive Sport;Automatic 8;Silver;2;55675;111350;41298;####
Volkswagen;SUV;Touareg;Executive Sport;Automatic 8;Silver;2;55675;111350;41299;####
Toyota;Truck;Tacoma;Extended;Automatic 4;White;1;20815;20815;41893;####
Toyota;Truck;Tacoma;Extended;Automatic 4;White;1;20815;20815;41898;####
Toyota;Truck;Tacoma;Extended;Automatic 5;Black;1;20815;20815;41926;####
Toyota;Truck;Tacoma;Extended;Automatic 5;Black;1;20815;20815;41928;####
Toyota;Truck;Tacoma;Extended;Manual 5;Gray;1;20815;20815;41925;####
Toyota;Truck;Tacoma;Extended;Manual 5;White;1;20815;20815;41912;####
Toyota;Truck;Tacoma;Extended;Manual 6;Gray;1;20815;20815;41947;####
Toyota;Truck;Tacoma;Extended;Manual 6;Gray;1;20815;20815;41949;####
Toyota;Truck;Tacoma;Extended;Manual 6;Gray;1;20815;20815;41954;####
Toyota;Truck;Tacoma;Extended;Manual 6;Gray;1;20815;20815;41957;####
Chevrolet;Truck;Colorado;Extended Cab;Automatic 4;Silver;2;22955;45910;41607;####
Chevrolet;Truck;Colorado;Extended Cab;Automatic 4;Silver;2;22955;45910;41591;####
Chevrolet;Truck;Colorado;Extended Cab;Automatic 4;Silver;2;22955;45910;41604;####
Chevrolet;Truck;Colorado;Extended Cab;Manual 5;Blue;2;22955;45910;41582;####
Chevrolet;Truck;Colorado;Extended Cab;Manual 5;Blue;1;22955;22955;41579;####
Chevrolet;Truck;Colorado;Extended Cab;Manual 5;Blue;2;22955;45910;41586;####
Chevrolet;Truck;Colorado;Extended Cab;Manual 5;Red;1;22955;22955;41613;####
Ford;Car;Mustang;GT Convertible;Automatic 6;White;1;35750;35750;41585;####
Ford;Car;Mustang;GT Convertible;Automatic 6;White;1;35750;35750;41591;####
Ford;Car;Mustang;GT Convertible;Automatic 6;White;1;35750;35750;41579;####
Ford;Car;Mustang;GT Convertible;Automatic 6;Yellow;1;35750;35750;41578;####
Ford;Car;Mustang;GT Convertible;Automatic 6;Yellow;2;35750;71500;41569;####
Ford;Car;Mustang;GT Convertible;Automatic 6;Yellow;1;35750;35750;41571;####
Ford;Car;Mustang;GT Convertible;Manual 6;Black;2;35750;71500;41547;####
Ford;Car;Mustang;GT Convertible;Manual 6;Black;2;35750;71500;41555;####
Ford;Car;Mustang;GT Convertible;Manual 6;Black;2;35750;71500;41542;####
Ford;Car;Mustang;GT Convertible;Manual 6;Yellow;2;35750;71500;41561;####
Ford;Car;Mustang;GT Convertible;Manual 6;Yellow;2;35750;71500;41564;####
Ford;Car;Mustang;GT Coupe;Automatic 6;Green;1;30750;30750;41409;####
Ford;Car;Mustang;GT Coupe;Automatic 6;Green;1;30750;30750;41411;####
Ford;Car;Mustang;GT Coupe;Automatic 6;Red;1;30750;30750;41418;####
Ford;Car;Mustang;GT Coupe;Automatic 6;Yellow;1;30750;30750;41393;####
Ford;Car;Mustang;GT Coupe;Automatic 6;Yellow;1;30750;30750;41408;####
Ford;Car;Mustang;GT Coupe;Manual 6;Black;1;30750;30750;41453;####
Ford;Car;Mustang;GT Coupe;Manual 6;Black;1;30750;30750;41435;####
Ford;Car;Mustang;GT Coupe;Manual 6;Black;1;30750;30750;41443;####
Ford;Car;Mustang;GT Coupe;Manual 6;Red;1;30750;30750;41421;####
Ford;Car;Mustang;GT Coupe;Manual 6;Yellow;1;30750;30750;41430;####
Ford;Car;Mustang;GT Premium Coupe;Automatic 6;Black;2;34750;69500;41522;####
Ford;Car;Mustang;GT Premium Coupe;Automatic 6;Black;2;34750;69500;41529;####
Ford;Car;Mustang;GT Premium Coupe;Automatic 6;Black;2;34750;69500;41541;####
Ford;Car;Mustang;GT Premium Coupe;Automatic 6;Red;2;34750;69500;41521;####
Ford;Car;Mustang;GT Premium Coupe;Automatic 6;Red;2;34750;69500;41519;####
Ford;Car;Mustang;GT Premium Coupe;Manual 6;Green;1;34750;34750;41459;####
Ford;Car;Mustang;GT Premium Coupe;Manual 6;Green;1;34750;34750;41491;####
Ford;Car;Mustang;GT Premium Coupe;Manual 6;Green;1;34750;34750;41471;####
Ford;Car;Mustang;GT Premium Coupe;Manual 6;Yellow;1;34750;34750;41499;####
Ford;Car;Mustang;GT Premium Coupe;Manual 6;Yellow;1;34750;34750;41501;####
Ford;Car;Mustang;GT Premium Coupe;Manual 6;Yellow;2;34750;69500;41502;####
Skoda;SUV;Yeti;GreenLine;Automatic 6;Blue;1;22140;22140;41423;####
Skoda;SUV;Yeti;GreenLine;Automatic 6;Blue;1;22140;22140;41416;####
Skoda;SUV;Yeti;GreenLine;Automatic 6;Red;1;22140;22140;41463;####
Skoda;SUV;Yeti;GreenLine;Automatic 6;Red;1;22140;22140;41442;####
Skoda;SUV;Yeti;GreenLine;Manual 6;Blue;1;22140;22140;41404;####
Skoda;SUV;Yeti;GreenLine;Manual 6;Blue;1;22140;22140;41408;####
Skoda;SUV;Yeti;GreenLine;Manual 6;Blue;1;22140;22140;41410;####
Skoda;SUV;Yeti;GreenLine;Manual 6;Blue;1;22140;22140;41382;####
Skoda;SUV;Yeti;GreenLine;Manual 6;Blue;1;22140;22140;41397;####
Volkswagen;SUV;Touareg;Hybrid Sport;Automatic 8;Black;1;62575;62575;41464;####
Volkswagen;SUV;Touareg;Hybrid Sport;Automatic 8;Black;1;62575;62575;41471;####
Volkswagen;SUV;Touareg;Hybrid Sport;Automatic 8;Blue;1;62575;62575;41452;####
Volkswagen;SUV;Touareg;Hybrid Sport;Automatic 8;Blue;3;62575;187725;41442;####
Volkswagen;SUV;Touareg;Hybrid Sport;Automatic 8;Blue;1;62575;62575;41443;####
Volkswagen;SUV;Touareg;Hybrid Sport;Automatic 8;Silver;1;62575;62575;41463;####
Volkswagen;SUV;Touareg;Hybrid Sport;Automatic 8;White;3;62575;187725;41428;####
Volkswagen;SUV;Touareg;Hybrid Sport;Automatic 8;White;3;62575;187725;41429;####
Volkswagen;SUV;Touareg;Hybrid Sport;Automatic 8;White;3;62575;187725;41432;####
Toyota;Car;Corolla;L;Automatic 4;Red;2;16960;33920;41563;####
Toyota;Car;Corolla;L;Automatic 4;White;2;16960;33920;41575;####
Toyota;Car;Corolla;L;Automatic 4;White;2;16960;33920;41582;####
Toyota;Car;Corolla;L;Automatic 4;White;2;16960;33920;41568;####
Toyota;Car;Corolla;L;Automatic 4;White;2;16960;33920;41569;####
Toyota;Car;Corolla;L;Manual 5;Blue;1;16960;16960;41550;####
Toyota;Car;Corolla;L;Manual 5;Blue;1;16960;16960;41540;####
Toyota;Car;Corolla;L;Manual 5;Red;1;16960;16960;41556;####
Toyota;Car;Corolla;L;Manual 5;Red;1;16960;16960;41561;####
Toyota;Car;Corolla;L;Manual 5;Red;2;16960;33920;41562;####
Toyota;Car;Yaris;L;Automatic 4;Blue;1;14840;14840;41452;####
Toyota;Car;Yaris;L;Automatic 4;Blue;1;14840;14840;41463;####
Toyota;Car;Yaris;L;Automatic 4;Blue;1;14840;14840;41464;####
Toyota;Car;Yaris;L;Automatic 4;Blue;1;14840;14840;41466;####
Toyota;Car;Yaris;L;Automatic 4;Blue;1;14840;14840;41443;####
Toyota;Car;Yaris;L;Automatic 4;Red;2;14840;29680;41431;####
Toyota;Car;Yaris;L;Automatic 4;Red;2;14840;29680;41428;####
Toyota;Car;Yaris;L;Manual 5;Red;2;14840;29680;41425;####
Toyota;Car;Yaris;L;Manual 5;Red;1;14840;14840;41472;####
Toyota;Car;Yaris;L;Manual 5;Red;2;14840;29680;41416;####
Toyota;Car;Yaris;L;Manual 5;White;4;14840;59360;41401;####
Toyota;Car;Yaris;L;Manual 5;White;2;14840;29680;41408;####
Toyota;Car;Yaris;L;Manual 5;White;4;14840;59360;41387;####
Toyota;Car;Camry;LE;Automatic 6;Black;1;23220;23220;41304;####
Toyota;Car;Camry;LE;Automatic 6;Black;1;23220;23220;41305;####
Toyota;Car;Camry;LE;Automatic 6;Black;1;23220;23220;41291;####
Toyota;Car;Camry;LE;Automatic 6;Black;1;23220;23220;41296;####
Toyota;Car;Camry;LE;Manual 6;Black;1;23220;23220;41278;####
Toyota;Car;Camry;LE;Manual 6;Black;1;23220;23220;41290;####
Toyota;Car;Camry;LE;Manual 6;Black;1;23220;23220;41990;####
Toyota;Car;Camry;LE;Manual 6;Black;1;23220;23220;41991;####
Toyota;Car;Camry;LE;Manual 6;Black;1;23220;23220;41995;####
Toyota;Car;Camry;LE;Manual 6;Black;1;23220;23220;41997;####
Toyota;Car;Corolla;LE;Automatic 4;Blue;2;17910;35820;41592;####
Toyota;Car;Corolla;LE;Automatic 4;Blue;2;17910;35820;41593;####
Toyota;Car;Corolla;LE;Automatic 4;Blue;2;17910;35820;41598;####
Toyota;Car;Corolla;LE;Automatic 4;Red;2;17910;35820;41607;####
Toyota;Car;Corolla;LE;Automatic 4;Red;2;17910;35820;41619;####
Toyota;Car;Corolla;LE;Automatic 4;Red;2;17910;35820;41624;####
Toyota;Car;Corolla;LE;Automatic 4;White;2;17910;35820;41606;####
Toyota;Car;Corolla;LE;Manual 5;White;2;17910;35820;41583;####
Toyota;Car;Corolla;LE;Manual 5;White;2;17910;35820;41586;####
Toyota;Car;Corolla;LE;Manual 5;White;2;17910;35820;41589;####
Toyota;Van;Sienna;LE 7-Passenger;Automatic 6;Blue;1;31930;31930;41439;####
Toyota;Van;Sienna;LE 7-Passenger;Automatic 6;Blue;1;31930;31930;41442;####
Toyota;Van;Sienna;LE 7-Passenger;Automatic 6;Blue;1;31930;31930;41443;####
Toyota;Van;Sienna;LE 7-Passenger;Automatic 6;Green;1;31930;31930;41449;####
Toyota;Van;Sienna;LE 7-Passenger;Automatic 6;Red;1;31930;31930;41465;####
Toyota;Van;Sienna;LE 7-Passenger;Automatic 6;Red;1;31930;31930;41457;####
Toyota;Van;Sienna;LE 7-Passenger;Automatic 6;Red;1;31930;31930;41472;####
Toyota;Van;Sienna;LE 7-Passenger;Automatic 6;Red;1;31930;31930;41458;####
Toyota;Van;Sienna;LE 7-Passenger;Automatic 6;Silver;1;31930;31930;41491;####
Toyota;Van;Sienna;LE 7-Passenger;Automatic 6;Silver;1;31930;31930;41500;####
Toyota;Van;Sienna;LE 7-Passenger;Automatic 6;Silver;1;31930;31930;41506;####
Toyota;Van;Sienna;LE 8-Passenger;Automatic 6;Blue;1;26145;26145;41429;####
Toyota;Van;Sienna;LE 8-Passenger;Automatic 6;Blue;1;26145;26145;41430;####
Toyota;Van;Sienna;LE 8-Passenger;Automatic 6;Blue;1;26145;26145;41428;####
Toyota;Van;Sienna;LE 8-Passenger;Automatic 6;Green;1;26145;26145;41422;####
Toyota;Van;Sienna;LE 8-Passenger;Automatic 6;Green;1;26145;26145;41395;####
Toyota;Van;Sienna;LE 8-Passenger;Automatic 6;Green;1;26145;26145;41403;####
Toyota;Van;Sienna;LE 8-Passenger;Automatic 6;Silver;1;26145;26145;41373;####
Toyota;Van;Sienna;LE 8-Passenger;Automatic 6;Silver;1;26145;26145;41366;####
Toyota;Van;Sienna;LE 8-Passenger;Automatic 6;Silver;1;26145;26145;41379;####
Toyota;Van;Sienna;LE 8-Passenger;Automatic 6;Silver;1;26145;26145;41390;####
Chevrolet;SUV;Equinox;LS;Automatic 6;White;1;23530;23530;42003;####
Chevrolet;SUV;Equinox;LS;Automatic 6;White;1;23530;23530;41282;####
Chevrolet;SUV;Equinox;LS;Automatic 6;White;1;23530;23530;41288;####
Chevrolet;SUV;Equinox;LS;Automatic 6;White;1;23530;23530;41289;####
Chevrolet;SUV;Equinox;LS;Automatic 6;Black;3;23530;70590;41983;####
Chevrolet;SUV;Equinox;LS;Automatic 6;Black;3;23530;70590;41984;####
Chevrolet;SUV;Equinox;LS;Automatic 6;Black;3;23530;70590;41988;####
Chevrolet;SUV;Traverse;LS;Automatic 6;Black;1;29590;29590;41481;####
Chevrolet;SUV;Traverse;LS;Automatic 6;Silver;1;29590;29590;41471;####
Chevrolet;SUV;Traverse;LS;Automatic 6;Silver;1;29590;29590;41451;####
Chevrolet;SUV;Traverse;LS;Automatic 6;Silver;1;29590;29590;41452;####
Chevrolet;SUV;Traverse;LS;Automatic 6;White;1;29590;29590;41473;####
Chevrolet;SUV;Traverse;LS;Automatic 6;White;1;29590;29590;41474;####
Chevrolet;SUV;Traverse;LS;Automatic 6;White;1;29590;29590;41477;####
Chevrolet;SUV;Traverse;LS;Automatic 6;Black;1;29590;29590;41484;####
Chevrolet;SUV;Traverse;LS;Automatic 6;Black;1;29590;29590;41478;####
Chevrolet;Truck;Avalanche;LS Crew Cab;Automatic 6;Gray;1;36800;36800;41393;####
Chevrolet;Truck;Avalanche;LS Crew Cab;Automatic 6;Gray;1;36800;36800;41375;####
Chevrolet;Truck;Avalanche;LS Crew Cab;Automatic 6;Gray;1;36800;36800;41382;####
Chevrolet;Truck;Avalanche;LS Crew Cab;Automatic 6;Red;1;36800;36800;41425;####
Chevrolet;Truck;Avalanche;LS Crew Cab;Automatic 6;Red;1;36800;36800;41408;####
Chevrolet;Truck;Avalanche;LS Crew Cab;Automatic 6;White;1;36800;36800;41366;####
Chevrolet;Truck;Avalanche;LS Crew Cab;Automatic 6;White;1;36800;36800;41348;####
Chevrolet;Truck;Avalanche;LS Crew Cab;Automatic 6;White;1;36800;36800;41351;####
Chevrolet;Truck;Avalanche;LS Crew Cab;Automatic 6;White;1;36800;36800;41352;####
Chevrolet;SUV;Equinox;LT;Automatic 6;Black;1;25050;25050;41312;####
Chevrolet;SUV;Equinox;LT;Automatic 6;Black;1;25050;25050;41313;####
Chevrolet;SUV;Equinox;LT;Automatic 6;Black;1;25050;25050;41306;####
Chevrolet;SUV;Equinox;LT;Automatic 6;Black;1;25050;25050;41374;####
Chevrolet;SUV;Equinox;LT;Automatic 6;Black;1;25050;25050;41298;####
Chevrolet;SUV;Equinox;LT;Automatic 6;White;1;25050;25050;41316;####
Chevrolet;SUV;Equinox;LT;Automatic 6;White;1;25050;25050;41345;####
Chevrolet;SUV;Equinox;LT;Automatic 6;White;1;25050;25050;41331;####
Chevrolet;SUV;Equinox;LT;Automatic 6;White;1;25050;25050;41332;####
Chevrolet;SUV;Traverse;LT;Automatic 6;Silver;1;32610;32610;41514;####
Chevrolet;SUV;Traverse;LT;Automatic 6;Silver;1;32610;32610;41516;####
Chevrolet;SUV;Traverse;LT;Automatic 6;Silver;1;32610;32610;41505;####
Chevrolet;SUV;Traverse;LT;Automatic 6;Silver;1;32610;32610;41508;####
Chevrolet;SUV;Traverse;LT;Automatic 6;White;1;32610;32610;41491;####
Chevrolet;SUV;Traverse;LT;Automatic 6;White;1;32610;32610;41493;####
Chevrolet;SUV;Traverse;LT;Automatic 6;White;1;32610;32610;41487;####
Chevrolet;SUV;Traverse;LT;Automatic 6;White;1;32610;32610;41501;####
Chevrolet;Truck;Avalanche;LT Crew Cab;Automatic 6;Gray;2;40195;80390;41463;####
Chevrolet;Truck;Avalanche;LT Crew Cab;Automatic 6;Gray;2;40195;80390;41438;####
Chevrolet;Truck;Avalanche;LT Crew Cab;Automatic 6;Gray;2;40195;80390;41445;####
Chevrolet;Truck;Avalanche;LT Crew Cab;Automatic 6;White;1;40195;40195;41432;####
Chevrolet;Truck;Avalanche;LT Crew Cab;Automatic 6;White;1;40195;40195;41473;####
Chevrolet;Truck;Avalanche;LT Crew Cab;Automatic 6;White;1;40195;40195;41478;####
Chevrolet;Truck;Avalanche;LT Crew Cab;Automatic 6;White;1;40195;40195;41479;####
Chevrolet;SUV;Equinox;LTZ;Automatic 6;Black;2;29220;58440;41429;####
Chevrolet;SUV;Equinox;LTZ;Automatic 6;Black;2;29220;58440;41439;####
Chevrolet;SUV;Equinox;LTZ;Automatic 6;Black;2;29220;58440;41444;####
Chevrolet;SUV;Equinox;LTZ;Automatic 6;Black;2;29220;58440;41446;####
Chevrolet;SUV;Equinox;LTZ;Automatic 6;White;2;29220;58440;41407;####
Chevrolet;SUV;Equinox;LTZ;Automatic 6;White;2;29220;58440;41395;####
Chevrolet;SUV;Equinox;LTZ;Automatic 6;White;1;29220;29220;41381;####
Chevrolet;SUV;Equinox;LTZ;Automatic 6;White;1;29220;29220;41389;####
Chevrolet;SUV;Traverse;LTZ;Automatic 6;Black;1;38885;38885;41562;####
Chevrolet;SUV;Traverse;LTZ;Automatic 6;Black;1;38885;38885;41564;####
Chevrolet;SUV;Traverse;LTZ;Automatic 6;Black;2;38885;77770;41565;####
Chevrolet;SUV;Traverse;LTZ;Automatic 6;Black;2;38885;77770;41568;####
Chevrolet;SUV;Traverse;LTZ;Automatic 6;Silver;1;38885;38885;41551;####
Chevrolet;SUV;Traverse;LTZ;Automatic 6;Silver;1;38885;38885;41523;####
Chevrolet;SUV;Traverse;LTZ;Automatic 6;Silver;1;38885;38885;41529;####
Chevrolet;SUV;Traverse;LTZ;Automatic 6;Silver;1;38885;38885;41540;####
Chevrolet;SUV;Traverse;LTZ;Automatic 6;White;2;38885;77770;41579;####
Chevrolet;Truck;Avalanche;LTZ Crew Cab;Automatic 6;Gray;1;47000;47000;41492;####
Chevrolet;Truck;Avalanche;LTZ Crew Cab;Automatic 6;Gray;1;47000;47000;41488;####
Chevrolet;Truck;Avalanche;LTZ Crew Cab;Automatic 6;Gray;1;47000;47000;41502;####
Chevrolet;Truck;Avalanche;LTZ Crew Cab;Automatic 6;White;3;47000;141000;41514;####
Chevrolet;Truck;Avalanche;LTZ Crew Cab;Automatic 6;White;3;47000;141000;41515;####
Chevrolet;Truck;Avalanche;LTZ Crew Cab;Automatic 6;White;1;47000;47000;41516;####
Chevrolet;Truck;Avalanche;LTZ Crew Cab;Automatic 6;White;3;47000;141000;41508;####
Chevrolet;Truck;Avalanche;LTZ Crew Cab;Automatic 6;White;3;47000;141000;41512;####
Volkswagen;SUV;Touareg;LUX Sport;Automatic 8;Black;1;49950;49950;41914;####
Volkswagen;SUV;Touareg;LUX Sport;Automatic 8;Black;1;49950;49950;41907;####
Volkswagen;SUV;Touareg;LUX Sport;Automatic 8;Blue;1;49950;49950;41880;####
Volkswagen;SUV;Touareg;LUX Sport;Automatic 8;Blue;1;49950;49950;41862;####
Volkswagen;SUV;Touareg;LUX Sport;Automatic 8;Blue;1;49950;49950;41884;####
Volkswagen;SUV;Touareg;LUX Sport;Automatic 8;Blue;1;49950;49950;41877;####
Volkswagen;SUV;Touareg;LUX Sport;Automatic 8;Silver;1;49950;49950;41885;####
Volkswagen;SUV;Touareg;LUX Sport;Automatic 8;Silver;1;49950;49950;41892;####
Volkswagen;SUV;Touareg;LUX Sport;Automatic 8;Silver;1;49950;49950;41898;####
Volkswagen;SUV;Touareg;LUX Sport;Automatic 8;White;1;49950;49950;41921;####
Volkswagen;SUV;Touareg;LUX Sport;Automatic 8;White;1;49950;49950;41925;####
Volkswagen;SUV;Touareg;LUX Sport;Automatic 8;White;1;49950;49950;41927;####
Ford;SUV;Explorer;Limited;Automatic 6;Blue;2;38100;76200;41491;####
Ford;SUV;Explorer;Limited;Automatic 6;Blue;1;38100;38100;41488;####
Ford;SUV;Explorer;Limited;Automatic 6;Blue;2;38100;76200;41502;####
Ford;SUV;Explorer;Limited;Automatic 6;Blue;1;38100;38100;41479;####
Ford;SUV;Explorer;Limited;Automatic 6;Green;1;38100;38100;41464;####
Ford;SUV;Explorer;Limited;Automatic 6;Green;2;38100;76200;41528;####
Ford;SUV;Explorer;Limited;Automatic 6;Green;2;38100;76200;41537;####
Ford;SUV;Explorer;Limited;Automatic 6;Green;2;38100;76200;41509;####
Ford;SUV;Explorer;Limited;Automatic 6;Green;2;38100;76200;41541;####
Ford;SUV;Explorer;Limited;Automatic 6;Red;3;38100;114300;41472;####
Ford;SUV;Explorer;Limited;Automatic 6;Red;3;38100;114300;41478;####
Subaru;Car;BRZ;Limited;Automatic 6;Blue;1;27495;27495;41425;####
Subaru;Car;BRZ;Limited;Automatic 6;Silver;1;27495;27495;41408;####
Subaru;Car;BRZ;Limited;Automatic 6;Silver;1;27495;27495;41409;####
Subaru;Car;BRZ;Limited;Automatic 6;Silver;1;27495;27495;41382;####
Subaru;Car;BRZ;Limited;Automatic 6;Silver;1;27495;27495;41387;####
Subaru;Car;BRZ;Limited;Manual 6;Blue;1;27495;27495;41374;####
Subaru;Car;BRZ;Limited;Manual 6;Blue;1;27495;27495;41376;####
Subaru;Car;BRZ;Limited;Manual 6;Silver;1;27495;27495;41379;####
Toyota;SUV;Highlander;Limited;Automatic 5;Blue;1;35745;35745;41737;####
Toyota;SUV;Highlander;Limited;Automatic 5;Blue;1;35745;35745;41751;####
Toyota;SUV;Highlander;Limited;Automatic 6;Black;1;35745;35745;41772;####
Toyota;SUV;Highlander;Limited;Automatic 6;Black;1;35745;35745;41836;####
Toyota;SUV;Highlander;Limited;Automatic 6;Black;1;35745;35745;41845;####
Toyota;SUV;Highlander;Limited;Automatic 6;Blue;1;35745;35745;41758;####
Toyota;SUV;Highlander;Limited;Automatic 6;Blue;1;35745;35745;41766;####
Toyota;SUV;Highlander;Limited;Automatic 6;Red;1;35745;35745;41788;####
Toyota;SUV;Highlander;Limited;Automatic 6;Red;1;35745;35745;41799;####
Toyota;SUV;Highlander;Limited;Automatic 6;Red;1;35745;35745;41823;####
Toyota;SUV;Highlander;Limited;Automatic 6;Red;1;35745;35745;41785;####
Toyota;SUV;Sequoia;Limited;Automatic 6;Gray;1;51040;51040;41943;####
Toyota;SUV;Sequoia;Limited;Automatic 6;Gray;1;51040;51040;41934;####
Toyota;SUV;Sequoia;Limited;Automatic 6;Gray;1;51040;51040;41935;####
Toyota;SUV;Sequoia;Limited;Automatic 6;Silver;1;51040;51040;41920;####
Toyota;SUV;Sequoia;Limited;Automatic 6;Silver;1;51040;51040;41929;####
Toyota;SUV;Sequoia;Limited;Automatic 6;Silver;1;51040;51040;41915;####
Toyota;SUV;Sequoia;Limited;Automatic 6;White;1;51040;51040;41949;####
Toyota;SUV;Sequoia;Limited;Automatic 6;White;1;51040;51040;41950;####
Toyota;SUV;Sequoia;Limited;Automatic 6;White;1;51040;51040;41960;####
Toyota;SUV;Sequoia;Limited;Automatic 6;White;2;51040;102080;41962;####
Toyota;SUV;Sequoia;Limited;Automatic 6;White;2;51040;102080;41963;####
Toyota;SUV;Sequoia;Limited;Automatic 6;White;1;51040;51040;41946;####
Toyota;Van;Sienna;Limited 7-Passenger;Automatic 6;Gray;3;39300;117900;41786;####
Toyota;Van;Sienna;Limited 7-Passenger;Automatic 6;Gray;3;39300;117900;41795;####
Toyota;Van;Sienna;Limited 7-Passenger;Automatic 6;Gray;3;39300;117900;41802;####
Toyota;Van;Sienna;Limited 7-Passenger;Automatic 6;Silver;2;39300;78600;41774;####
Toyota;Van;Sienna;Limited 7-Passenger;Automatic 6;Silver;2;39300;78600;41775;####
Toyota;Van;Sienna;Limited 7-Passenger;Automatic 6;Silver;3;39300;117900;41780;####
Toyota;Van;Sienna;Limited 7-Passenger;Automatic 6;Silver;3;39300;117900;41782;####
Toyota;Van;Sienna;Limited 7-Passenger;Automatic 6;White;2;39300;78600;41809;####
Toyota;Van;Sienna;Limited 7-Passenger;Automatic 6;White;2;39300;78600;41810;####
Toyota;Truck;Tundra;Limited Crew;Automatic 5;Green;1;40535;40535;41670;####
Toyota;Truck;Tundra;Limited Crew;Automatic 5;Green;1;40535;40535;41681;####
Toyota;Truck;Tundra;Limited Crew;Automatic 5;Green;1;40535;40535;41688;####
Toyota;Truck;Tundra;Limited Crew;Automatic 6;Blue;1;40535;40535;41704;####
Toyota;Truck;Tundra;Limited Crew;Automatic 6;Blue;1;40535;40535;41705;####
Toyota;Truck;Tundra;Limited Crew;Automatic 6;Blue;1;40535;40535;41690;####
Toyota;Truck;Tundra;Limited Crew;Automatic 6;White;1;40535;40535;41718;####
Toyota;Truck;Tundra;Limited Crew;Automatic 6;White;1;40535;40535;41732;####
Ford;Truck;F-250;Long Bed Extended;Automatic 6;Black;2;31385;62770;41892;####
Ford;Truck;F-250;Long Bed Extended;Automatic 6;Black;2;31385;62770;41893;####
Ford;Truck;F-250;Long Bed Extended;Automatic 6;Black;2;31385;62770;41899;####
Ford;Truck;F-250;Long Bed Extended;Automatic 6;Black;1;31385;31385;41871;####
Ford;Truck;F-250;Long Bed Extended;Automatic 6;Red;1;31385;31385;41851;####
Ford;Truck;F-250;Long Bed Extended;Automatic 6;Red;2;31385;62770;41921;####
Ford;Truck;F-250;Long Bed Extended;Automatic 6;Red;1;31385;31385;41870;####
Ford;Truck;F-250;Long Bed Extended;Automatic 6;White;1;31385;31385;41855;####
Ford;Truck;F-250;Long Bed Extended;Automatic 6;White;1;31385;31385;41864;####
Toyota;Truck;Tundra;Long Bed Extended;Automatic 5;White;1;29745;29745;41621;####
Toyota;Truck;Tundra;Long Bed Extended;Automatic 5;White;1;29745;29745;41610;####
Toyota;Truck;Tundra;Long Bed Extended;Automatic 5;White;1;29745;29745;41624;####
Toyota;Truck;Tundra;Long Bed Extended;Automatic 6;Blue;1;29745;29745;41661;####
Toyota;Truck;Tundra;Long Bed Extended;Automatic 6;Blue;1;29745;29745;41634;####
Toyota;Truck;Tundra;Long Bed Extended;Automatic 6;Green;1;29745;29745;41667;####
Toyota;Truck;Tundra;Long Bed Extended;Automatic 6;Green;1;29745;29745;41633;####
Toyota;Truck;Tundra;Long Bed Regular;Automatic 5;Blue;2;25485;50970;41521;####
Toyota;Truck;Tundra;Long Bed Regular;Automatic 5;Gray;2;25485;50970;41505;####
Toyota;Truck;Tundra;Long Bed Regular;Automatic 5;Red;2;25485;50970;41519;####
Toyota;Truck;Tundra;Long Bed Regular;Automatic 5;Red;2;25485;50970;41509;####
Toyota;Truck;Tundra;Long Bed Regular;Automatic 6;Blue;2;25485;50970;41522;####
Toyota;Truck;Tundra;Long Bed Regular;Automatic 6;Gray;2;25485;50970;41536;####
Toyota;Truck;Tundra;Long Bed Regular;Automatic 6;Gray;2;25485;50970;41537;####
Toyota;SUV;Sequoia;Platinum;Automatic 6;Gray;2;58580;117160;41977;####
Toyota;SUV;Sequoia;Platinum;Automatic 6;Gray;2;58580;117160;41974;####
Toyota;SUV;Sequoia;Platinum;Automatic 6;Gray;2;58580;117160;41964;####
Toyota;SUV;Sequoia;Platinum;Automatic 6;Silver;2;58580;117160;41981;####
Toyota;SUV;Sequoia;Platinum;Automatic 6;Silver;2;58580;117160;41991;####
Toyota;SUV;Sequoia;Platinum;Automatic 6;White;2;58580;117160;42002;####
Toyota;SUV;Sequoia;Platinum;Automatic 6;White;2;58580;117160;41304;####
Toyota;SUV;Sequoia;Platinum;Automatic 6;White;2;58580;117160;41284;####
Toyota;SUV;Sequoia;Platinum;Automatic 6;White;2;58580;117160;41299;####
Toyota;SUV;Sequoia;Platinum;Automatic 6;White;2;58580;117160;41999;####
Subaru;Car;BRZ;Premium;Automatic 6;Blue;1;25495;25495;41347;####
Subaru;Car;BRZ;Premium;Automatic 6;Blue;1;25495;25495;41353;####
Subaru;Car;BRZ;Premium;Automatic 6;Blue;1;25495;25495;41359;####
Subaru;Car;BRZ;Premium;Automatic 6;Silver;1;25495;25495;41368;####
Subaru;Car;BRZ;Premium;Manual 6;Blue;1;25495;25495;41340;####
Subaru;Car;BRZ;Premium;Manual 6;Blue;1;25495;25495;41344;####
Subaru;Car;BRZ;Premium;Manual 6;Silver;1;25495;25495;41310;####
Subaru;Car;BRZ;Premium;Manual 6;Silver;1;25495;25495;41338;####
Subaru;Car;BRZ;Premium;Manual 6;Silver;1;25495;25495;41319;####
Ford;Car;Mustang;Premium Coupe;Automatic 6;Green;1;26200;26200;41362;####
Ford;Car;Mustang;Premium Coupe;Automatic 6;Green;1;26200;26200;41337;####
Ford;Car;Mustang;Premium Coupe;Automatic 6;Green;1;26200;26200;41345;####
Ford;Car;Mustang;Premium Coupe;Automatic 6;Green;1;26200;26200;41366;####
Ford;Car;Mustang;Premium Coupe;Automatic 6;Green;1;26200;26200;41381;####
Ford;Car;Mustang;Premium Coupe;Automatic 6;Green;1;26200;26200;41355;####
Ford;Car;Mustang;Premium Coupe;Automatic 6;Yellow;1;26200;26200;41334;####
Ford;Car;Mustang;Premium Coupe;Manual 6;Red;1;26200;26200;41313;####
Ford;Car;Mustang;Premium Coupe;Manual 6;Red;1;26200;26200;41325;####
Ford;Car;Mustang;Premium Coupe;Manual 6;Yellow;1;26200;26200;41332;####
Ford;Car;Mustang;Premium Coupe;Manual 6;Yellow;1;26200;26200;41327;####
Toyota;Truck;Tacoma;Prerunner Extended;Automatic 5;Black;1;21575;21575;41275;####
Toyota;Truck;Tacoma;Prerunner Extended;Automatic 5;Silver;1;21575;21575;41278;####
Toyota;Truck;Tacoma;Prerunner Extended;Manual 5;Black;1;21575;21575;42003;####
Toyota;Truck;Tacoma;Prerunner Extended;Manual 5;Gray;1;21575;21575;41974;####
Toyota;Truck;Tacoma;Prerunner Extended;Manual 5;Silver;1;21575;21575;41282;####
Toyota;Truck;Tacoma;Prerunner Extended;Manual 5;Silver;1;21575;21575;41963;####
Toyota;Truck;Tacoma;Prerunner Extended;Manual 5;Silver;1;21575;21575;41967;####
Toyota;Truck;Tacoma;Prerunner Extended;Manual 5;Silver;1;21575;21575;41999;####
Toyota;Truck;Tacoma;Prerunner Extended;Manual 6;Gray;1;21575;21575;41978;####
Toyota;Truck;Tacoma;Prerunner Extended;Manual 6;Silver;1;21575;21575;41985;####
Volkswagen;Car;Golf;R;Automatic 6;Black;1;34195;34195;41820;####
Volkswagen;Car;Golf;R;Automatic 6;Black;1;34195;34195;41821;####
Volkswagen;Car;Golf;R;Automatic 6;Black;1;34195;34195;41830;####
Volkswagen;Car;Golf;R;Automatic 6;Black;1;34195;34195;41831;####
Volkswagen;Car;Golf;R;Automatic 6;Blue;1;34195;34195;41817;####
Volkswagen;Car;Golf;R;Automatic 6;Blue;1;34195;34195;41802;####
Volkswagen;Car;Golf;R;Manual 6;Blue;1;34195;34195;41794;####
Volkswagen;Car;Golf;R;Manual 6;Blue;1;34195;34195;41773;####
Volkswagen;Car;Golf;R;Manual 6;Blue;1;34195;34195;41780;####
Toyota;SUV;RAV4;RAV4;Automatic 5;Blue;1;22650;22650;41373;####
Toyota;SUV;RAV4;RAV4;Automatic 5;Blue;1;22650;22650;41376;####
Toyota;SUV;RAV4;RAV4;Automatic 5;Blue;1;22650;22650;41382;####
Toyota;SUV;RAV4;RAV4;Automatic 5;Blue;2;22650;45300;41386;####
Toyota;SUV;RAV4;RAV4;Automatic 5;Blue;2;22650;45300;41389;####
Toyota;SUV;RAV4;RAV4;Automatic 5;Red;1;22650;22650;41348;####
Toyota;SUV;RAV4;RAV4;Manual 5;Green;1;22650;22650;41337;####
Toyota;SUV;RAV4;RAV4;Manual 5;Green;1;22650;22650;41310;####
Toyota;SUV;RAV4;RAV4;Manual 5;Green;1;22650;22650;41334;####
Toyota;SUV;RAV4;RAV4;Manual 5;Green;1;22650;22650;41319;####
Toyota;SUV;RAV4;RAV4;Manual 5;Red;1;22650;22650;41338;####
Toyota;SUV;RAV4;RAV4;Manual 5;Red;1;22650;22650;41344;####
Toyota;Truck;Tacoma;Regular;Automatic 4;Silver;2;17525;35050;41817;####
Toyota;Truck;Tacoma;Regular;Automatic 4;Silver;2;17525;35050;41848;####
Toyota;Truck;Tacoma;Regular;Automatic 4;Silver;2;17525;35050;41831;####
Toyota;Truck;Tacoma;Regular;Automatic 4;Silver;2;17525;35050;41842;####
Toyota;Truck;Tacoma;Regular;Automatic 4;White;2;17525;35050;41814;####
Toyota;Truck;Tacoma;Regular;Automatic 5;Black;2;17525;35050;41877;####
Toyota;Truck;Tacoma;Regular;Manual 5;White;2;17525;35050;41849;####
Toyota;Truck;Tacoma;Regular;Manual 5;White;2;17525;35050;41866;####
Toyota;Truck;Tacoma;Regular;Manual 5;White;2;17525;35050;41869;####
Toyota;Truck;Tacoma;Regular;Manual 6;White;1;17525;17525;41884;####
Chevrolet;Truck;Colorado;Regular Cab;Automatic 4;Red;1;20370;20370;41551;####
Chevrolet;Truck;Colorado;Regular Cab;Automatic 4;Red;1;20370;20370;41544;####
Chevrolet;Truck;Colorado;Regular Cab;Automatic 4;Silver;1;20370;20370;41564;####
Chevrolet;Truck;Colorado;Regular Cab;Automatic 4;Silver;1;20370;20370;41571;####
Chevrolet;Truck;Colorado;Regular Cab;Manual 5;Blue;1;20370;20370;41527;####
Chevrolet;Truck;Colorado;Regular Cab;Manual 5;Red;1;20370;20370;41537;####
Chevrolet;Truck;Colorado;Regular Cab;Manual 5;Silver;1;20370;20370;41578;####
Toyota;Car;Corolla;S;Automatic 4;Red;1;18820;18820;41666;####
Toyota;Car;Corolla;S;Automatic 4;Red;1;18820;18820;41673;####
Toyota;Car;Corolla;S;Automatic 4;White;1;18820;18820;41675;####
Toyota;Car;Corolla;S;Automatic 4;White;1;18820;18820;41708;####
Toyota;Car;Corolla;S;Automatic 4;White;1;18820;18820;41722;####
Toyota;Car;Corolla;S;Manual 5;Blue;2;18820;37640;41626;####
Toyota;Car;Corolla;S;Manual 5;Blue;2;18820;37640;41634;####
Toyota;Car;Corolla;S;Manual 5;Red;2;18820;37640;41645;####
Toyota;Car;Corolla;S;Manual 5;Red;2;18820;37640;41648;####
Toyota;Car;Corolla;S;Manual 5;Red;1;18820;18820;41659;####
Volkswagen;Car;Passat;S;Manual 5;Blue;2;20845;41690;41865;####
Volkswagen;Car;Passat;S;Manual 5;Silver;1;20845;20845;41838;####
Volkswagen;Car;Passat;S;Manual 5;Silver;2;20845;41690;41841;####
Volkswagen;Car;Passat;S;Manual 6;Black;2;20845;41690;41855;####
Volkswagen;Car;Passat;S;Manual 6;Black;2;20845;41690;41844;####
Volkswagen;Car;Passat;S;Manual 6;Black;2;20845;41690;41845;####
Volkswagen;Car;Passat;S;Manual 6;Blue;2;20845;41690;41864;####
Volkswagen;Car;Passat;S;Automatic 6;Blue;2;20845;41690;41878;####
Volkswagen;Car;Passat;S;Automatic 6;Silver;2;20845;41690;41891;####
Volkswagen;Van;Routan;S;Automatic 6;White;1;27020;27020;41494;####
Volkswagen;Van;Routan;S;Automatic 6;White;1;27020;27020;41506;####
Volkswagen;Van;Routan;S;Automatic 6;White;1;27020;27020;41507;####
Volkswagen;Van;Routan;S;Automatic 6;Blue;1;27020;27020;41484;####
Volkswagen;Van;Routan;S;Automatic 6;Blue;1;27020;27020;41485;####
Volkswagen;Van;Routan;S;Automatic 6;Blue;1;27020;27020;41473;####
Volkswagen;Van;Routan;S;Automatic 6;Blue;1;27020;27020;41480;####
Volkswagen;Van;Routan;S;Automatic 6;Red;1;27020;27020;41521;####
Volkswagen;Van;Routan;S;Automatic 6;Red;1;27020;27020;41519;####
Volkswagen;Van;Routan;S;Automatic 6;White;1;27020;27020;41516;####
Volkswagen;SUV;Tiguan;S;Automatic 6;White;1;22995;22995;41596;####
Volkswagen;SUV;Tiguan;S;Manual 6;Black;2;22995;45990;41547;####
Volkswagen;SUV;Tiguan;S;Manual 6;White;2;22995;45990;41522;####
Volkswagen;SUV;Tiguan;S;Manual 6;White;2;22995;45990;41529;####
Volkswagen;SUV;Tiguan;S;Manual 6;White;2;22995;45990;41542;####
Volkswagen;SUV;Tiguan;S;Automatic 6;Black;2;22995;45990;41556;####
Volkswagen;SUV;Tiguan;S;Automatic 6;Black;1;22995;22995;41558;####
Volkswagen;SUV;Tiguan;S;Automatic 6;Blue;1;22995;22995;41585;####
Volkswagen;SUV;Tiguan;S;Automatic 6;Blue;1;22995;22995;41592;####
Volkswagen;SUV;Tiguan;S;Automatic 6;Blue;1;22995;22995;41571;####
Ford;Car;Fusion;S Sedan;Automatic 6;Red;1;21700;21700;41620;####
Ford;Car;Fusion;S Sedan;Automatic 6;Red;1;21700;21700;41663;####
Ford;Car;Fusion;S Sedan;Automatic 6;Silver;1;21700;21700;41619;####
Ford;Car;Fusion;S Sedan;Automatic 6;White;1;21700;21700;41621;####
Ford;Car;Fusion;S Sedan;Automatic 6;White;1;21700;21700;41624;####
Ford;Car;Fusion;S Sedan;Automatic 6;White;1;21700;21700;41628;####
Ford;Car;Fusion;S Sedan;Automatic 6;White;1;21700;21700;41662;####
Ford;Car;Fusion;S Sedan;Manual 6;Red;1;21700;21700;41599;####
Ford;Car;Fusion;S Sedan;Manual 6;Red;1;21700;21700;41600;####
Ford;Car;Fusion;S Sedan;Manual 6;Silver;1;21700;21700;41610;####
Ford;Car;Fusion;S Sedan;Manual 6;Silver;1;21700;21700;41603;####
Ford;SUV;Edge;SE;Automatic 6;Blue;2;27555;55110;41879;####
Ford;SUV;Edge;SE;Automatic 6;Red;1;27555;27555;41919;####
Ford;SUV;Edge;SE;Automatic 6;Red;2;27555;55110;41884;####
Ford;SUV;Edge;SE;Automatic 6;Red;2;27555;55110;41899;####
Ford;SUV;Edge;SE;Automatic 6;Red;2;27555;55110;41905;####
Ford;SUV;Edge;SE;Automatic 6;Silver;1;27555;27555;41941;####
Ford;SUV;Edge;SE;Automatic 6;Silver;1;27555;27555;41950;####
Ford;SUV;Edge;SE;Automatic 6;Silver;1;27555;27555;41932;####
Ford;SUV;Edge;SE;Automatic 6;Silver;1;27555;27555;41934;####
Ford;Car;Taurus;SE;Automatic 5;Blue;1;26700;26700;41795;####
Ford;Car;Taurus;SE;Automatic 5;Blue;1;26700;26700;41806;####
Ford;Car;Taurus;SE;Automatic 5;Red;2;26700;53400;41820;####
Ford;Car;Taurus;SE;Automatic 5;Red;2;26700;53400;41823;####
Ford;Car;Taurus;SE;Automatic 5;Red;2;26700;53400;41821;####
Ford;Car;Taurus;SE;Manual 5;Blue;1;26700;26700;41779;####
Ford;Car;Taurus;SE;Manual 5;Blue;1;26700;26700;41752;####
Ford;Car;Taurus;SE;Manual 5;Red;1;26700;26700;41738;####
Ford;Car;Taurus;SE;Manual 5;Red;1;26700;26700;41739;####
Ford;Car;Taurus;SE;Manual 5;Red;1;26700;26700;41740;####
Toyota;Car;Camry;SE;Automatic 6;Black;1;23220;23220;41788;####
Toyota;Car;Camry;SE;Automatic 6;Black;1;23220;23220;41828;####
Toyota;Car;Camry;SE;Automatic 6;Black;1;23220;23220;41768;####
Toyota;Car;Camry;SE;Automatic 6;Black;1;23220;23220;41773;####
Toyota;Car;Camry;SE;Automatic 6;Black;1;23220;23220;41806;####
Toyota;Car;Camry;SE;Automatic 6;Black;1;23220;23220;41814;####
Toyota;Car;Camry;SE;Manual 6;Black;1;23220;23220;41765;####
Toyota;Car;Camry;SE;Manual 6;Black;1;23220;23220;41766;####
Toyota;Car;Camry;SE;Manual 6;Black;1;23220;23220;41743;####
Toyota;Car;Camry;SE;Manual 6;Black;1;23220;23220;41747;####
Toyota;Car;Camry;SE;Manual 6;Black;1;23220;23220;41732;####
Toyota;SUV;Highlander;SE;Automatic 5;Red;1;32845;32845;41675;####
Toyota;SUV;Highlander;SE;Automatic 5;Red;1;32845;32845;41690;####
Toyota;SUV;Highlander;SE;Automatic 5;Red;3;32845;98535;41662;####
Toyota;SUV;Highlander;SE;Automatic 6;Black;1;32845;32845;41725;####
Toyota;SUV;Highlander;SE;Automatic 6;Black;1;32845;32845;41726;####
Toyota;SUV;Highlander;SE;Automatic 6;Black;1;32845;32845;41717;####
Toyota;SUV;Highlander;SE;Automatic 6;Blue;1;32845;32845;41698;####
Toyota;SUV;Highlander;SE;Automatic 6;Blue;1;32845;32845;41703;####
Toyota;SUV;Highlander;SE;Automatic 6;Blue;1;32845;32845;41709;####
Toyota;SUV;Highlander;SE;Automatic 6;Blue;1;32845;32845;41701;####
Toyota;Car;Yaris;SE;Automatic 4;Blue;1;17200;17200;41505;####
Toyota;Car;Yaris;SE;Automatic 4;Blue;1;17200;17200;41509;####
Toyota;Car;Yaris;SE;Automatic 4;White;1;17200;17200;41516;####
Toyota;Car;Yaris;SE;Automatic 4;White;1;17200;17200;41530;####
Toyota;Car;Yaris;SE;Automatic 4;White;1;17200;17200;41520;####
Toyota;Car;Yaris;SE;Manual 5;Blue;3;17200;51600;41499;####
Toyota;Car;Yaris;SE;Manual 5;Red;3;17200;51600;41492;####
Toyota;Car;Yaris;SE;Manual 5;Red;3;17200;51600;41494;####
Toyota;Car;Yaris;SE;Manual 5;Red;3;17200;51600;41473;####
Toyota;Car;Yaris;SE;Manual 5;Red;3;17200;51600;41477;####
Volkswagen;Car;Passat;SE;Automatic 6;Black;2;23945;47890;41943;####
Volkswagen;Car;Passat;SE;Automatic 6;Black;1;23945;23945;41949;####
Volkswagen;Car;Passat;SE;Automatic 6;Red;1;23945;23945;41957;####
Volkswagen;Car;Passat;SE;Automatic 6;Red;1;23945;23945;41964;####
Volkswagen;Car;Passat;SE;Automatic 6;Silver;2;23945;47890;41933;####
Volkswagen;Car;Passat;SE;Manual 5;Blue;2;23945;47890;41893;####
Volkswagen;Car;Passat;SE;Manual 5;Blue;2;23945;47890;41901;####
Volkswagen;Car;Passat;SE;Manual 5;Blue;2;23945;47890;41907;####
Volkswagen;Car;Passat;SE;Manual 6;Silver;2;23945;47890;41911;####
Volkswagen;Car;Passat;SE;Manual 6;Silver;2;23945;47890;41908;####
Volkswagen;Van;Routan;SE;Automatic 6;Black;1;32010;32010;41565;####
Volkswagen;Van;Routan;SE;Automatic 6;Black;1;32010;32010;41568;####
Volkswagen;Van;Routan;SE;Automatic 6;Blue;1;32010;32010;41570;####
Volkswagen;Van;Routan;SE;Automatic 6;Blue;1;32010;32010;41572;####
Volkswagen;Van;Routan;SE;Automatic 6;Red;1;32010;32010;41522;####
Volkswagen;Van;Routan;SE;Automatic 6;Red;1;32010;32010;41528;####
Volkswagen;Van;Routan;SE;Automatic 6;Red;1;32010;32010;41529;####
Volkswagen;Van;Routan;SE;Automatic 6;White;1;32010;32010;41562;####
Volkswagen;Van;Routan;SE;Automatic 6;White;1;32010;32010;41543;####
Volkswagen;SUV;Tiguan;SE;Automatic 6;Black;1;29470;29470;41689;####
Volkswagen;SUV;Tiguan;SE;Automatic 6;Black;1;29470;29470;41663;####
Volkswagen;SUV;Tiguan;SE;Automatic 6;Blue;1;29470;29470;41654;####
Volkswagen;SUV;Tiguan;SE;Manual 6;Blue;1;29470;29470;41647;####
Volkswagen;SUV;Tiguan;SE;Manual 6;Blue;1;29470;29470;41652;####
Volkswagen;SUV;Tiguan;SE;Manual 6;Blue;1;29470;29470;41653;####
Volkswagen;SUV;Tiguan;SE;Manual 6;White;1;29470;29470;41612;####
Volkswagen;SUV;Tiguan;SE;Manual 6;White;1;29470;29470;41621;####
Volkswagen;SUV;Tiguan;SE;Manual 6;White;1;29470;29470;41597;####
Volkswagen;SUV;Tiguan;SE;Manual 6;White;1;29470;29470;41599;####
Toyota;Van;Sienna;SE 8-Passenger;Automatic 6;Blue;1;33440;33440;41639;####
Toyota;Van;Sienna;SE 8-Passenger;Automatic 6;Blue;1;33440;33440;41645;####
Toyota;Van;Sienna;SE 8-Passenger;Automatic 6;Blue;1;33440;33440;41654;####
Toyota;Van;Sienna;SE 8-Passenger;Automatic 6;Blue;1;33440;33440;41660;####
Toyota;Van;Sienna;SE 8-Passenger;Automatic 6;Gray;1;33440;33440;41681;####
Toyota;Van;Sienna;SE 8-Passenger;Automatic 6;Gray;1;33440;33440;41628;####
Toyota;Van;Sienna;SE 8-Passenger;Automatic 6;Gray;1;33440;33440;41604;####
Toyota;Van;Sienna;SE 8-Passenger;Automatic 6;Green;1;33440;33440;41605;####
Toyota;Van;Sienna;SE 8-Passenger;Automatic 6;Green;1;33440;33440;41612;####
Toyota;Van;Sienna;SE 8-Passenger;Automatic 6;Green;1;33440;33440;41627;####
Ford;Car;Fusion;SE Sedan;Automatic 6;Red;1;23700;23700;41704;####
Ford;Car;Fusion;SE Sedan;Automatic 6;Red;1;23700;23700;41705;####
Ford;Car;Fusion;SE Sedan;Automatic 6;White;1;23700;23700;41708;####
Ford;Car;Fusion;SE Sedan;Automatic 6;White;1;23700;23700;41723;####
Ford;Car;Fusion;SE Sedan;Automatic 6;White;1;23700;23700;41724;####
Ford;Car;Fusion;SE Sedan;Manual 6;Red;1;23700;23700;41691;####
Ford;Car;Fusion;SE Sedan;Manual 6;Silver;1;23700;23700;41674;####
Ford;Car;Fusion;SE Sedan;Manual 6;Silver;1;23700;23700;41675;####
Ford;Car;Fusion;SE Sedan;Manual 6;Silver;1;23700;23700;41680;####
Ford;Car;Fusion;SE Sedan;Manual 6;Silver;1;23700;23700;41687;####
Ford;SUV;Edge;SEL;Automatic 6;Blue;1;31100;31100;41305;####
Ford;SUV;Edge;SEL;Automatic 6;Blue;1;31100;31100;41337;####
Ford;SUV;Edge;SEL;Automatic 6;Blue;1;31100;31100;41981;####
Ford;SUV;Edge;SEL;Automatic 6;Blue;1;31100;31100;41316;####
Ford;SUV;Edge;SEL;Automatic 6;Blue;1;31100;31100;41344;####
Ford;SUV;Edge;SEL;Automatic 6;Blue;1;31100;31100;41988;####
Ford;SUV;Edge;SEL;Automatic 6;Red;1;31100;31100;41954;####
Ford;SUV;Edge;SEL;Automatic 6;Red;1;31100;31100;41955;####
Ford;SUV;Edge;SEL;Automatic 6;Red;1;31100;31100;41967;####
Ford;SUV;Edge;SEL;Automatic 6;Silver;1;31100;31100;41374;####
Ford;SUV;Edge;SEL;Automatic 6;Silver;1;31100;31100;41345;####
Ford;Car;Taurus;SEL;Automatic 5;Blue;3;28000;84000;41851;####
Ford;Car;Taurus;SEL;Automatic 5;Blue;3;28000;84000;41855;####
Ford;Car;Taurus;SEL;Automatic 5;Blue;2;28000;56000;41893;####
Ford;Car;Taurus;SEL;Automatic 5;Blue;3;28000;84000;41866;####
Ford;Car;Taurus;SEL;Automatic 5;Blue;3;28000;84000;41873;####
Ford;Car;Taurus;SEL;Automatic 5;Blue;2;28000;56000;41876;####
Ford;Car;Taurus;SEL;Manual 5;Red;3;28000;84000;41849;####
Ford;Car;Taurus;SEL;Manual 5;Red;2;28000;56000;41824;####
Ford;Car;Taurus;SEL;Manual 5;Red;2;28000;56000;41836;####
Ford;Car;Taurus;SEL;Manual 5;Red;2;28000;56000;41838;####
Ford;Car;Taurus;SEL;Manual 5;Red;3;28000;84000;41845;####
Volkswagen;Car;Passat;SEL;Automatic 6;Blue;3;30425;91275;41397;####
Volkswagen;Car;Passat;SEL;Automatic 6;Blue;1;30425;30425;41400;####
Volkswagen;Car;Passat;SEL;Automatic 6;Blue;1;30425;30425;41403;####
Volkswagen;Car;Passat;SEL;Automatic 6;Red;3;30425;91275;41396;####
Volkswagen;Car;Passat;SEL;Manual 6;Red;3;30425;91275;41394;####
Volkswagen;Car;Passat;SEL;Manual 6;Red;3;30425;91275;41386;####
Volkswagen;Car;Passat;SEL;Manual 6;Silver;1;30425;30425;41360;####
Volkswagen;Car;Passat;SEL;Manual 6;Silver;1;30425;30425;41372;####
Volkswagen;Car;Passat;SEL;Manual 6;Silver;3;30425;91275;41373;####
Volkswagen;Van;Routan;SEL;Automatic 6;Black;1;37890;37890;41639;####
Volkswagen;Van;Routan;SEL;Automatic 6;Black;1;37890;37890;41687;####
Volkswagen;Van;Routan;SEL;Automatic 6;Black;1;37890;37890;41689;####
Volkswagen;Van;Routan;SEL;Automatic 6;Black;1;37890;37890;41661;####
Volkswagen;Van;Routan;SEL;Automatic 6;Blue;1;37890;37890;41575;####
Volkswagen;Van;Routan;SEL;Automatic 6;Blue;1;37890;37890;41583;####
Volkswagen;Van;Routan;SEL;Automatic 6;White;1;37890;37890;41612;####
Volkswagen;Van;Routan;SEL;Automatic 6;White;1;37890;37890;41590;####
Volkswagen;Van;Routan;SEL;Automatic 6;White;1;37890;37890;41599;####
Volkswagen;SUV;Tiguan;SEL;Automatic 6;Black;1;35175;35175;41757;####
Volkswagen;SUV;Tiguan;SEL;Automatic 6;Black;1;35175;35175;41765;####
Volkswagen;SUV;Tiguan;SEL;Automatic 6;Black;1;35175;35175;41739;####
Volkswagen;SUV;Tiguan;SEL;Automatic 6;White;1;35175;35175;41710;####
Volkswagen;SUV;Tiguan;SEL;Automatic 6;White;1;35175;35175;41731;####
Volkswagen;SUV;Tiguan;SEL;Manual 6;Blue;1;35175;35175;41697;####
Volkswagen;SUV;Tiguan;SEL;Manual 6;Blue;1;35175;35175;41698;####
Volkswagen;SUV;Tiguan;SEL;Manual 6;Blue;1;35175;35175;41695;####
Volkswagen;SUV;Tiguan;SEL;Manual 6;White;1;35175;35175;41703;####
Volkswagen;SUV;Tiguan;SEL;Manual 6;White;1;35175;35175;41705;####
Volkswagen;Van;Routan;SEL Premium;Automatic 6;Black;1;44280;44280;41759;####
Volkswagen;Van;Routan;SEL Premium;Automatic 6;Black;1;44280;44280;41696;####
Volkswagen;Van;Routan;SEL Premium;Automatic 6;Blue;1;44280;44280;41701;####
Volkswagen;Van;Routan;SEL Premium;Automatic 6;Blue;1;44280;44280;41705;####
Volkswagen;Van;Routan;SEL Premium;Automatic 6;Blue;2;44280;88560;41716;####
Volkswagen;Van;Routan;SEL Premium;Automatic 6;White;2;44280;88560;41725;####
Volkswagen;Van;Routan;SEL Premium;Automatic 6;White;1;44280;44280;41737;####
Volkswagen;Van;Routan;SEL Premium;Automatic 6;White;1;44280;44280;41752;####
Volkswagen;Van;Routan;SEL Premium;Automatic 6;White;1;44280;44280;41754;####
Volkswagen;Van;Routan;SEL Premium;Automatic 6;White;2;44280;88560;41724;####
Ford;Car;Taurus;SHO;Automatic 5;Blue;1;30200;30200;41961;####
Ford;Car;Taurus;SHO;Automatic 5;Blue;1;30200;30200;41962;####
Ford;Car;Taurus;SHO;Automatic 5;Red;1;30200;30200;41957;####
Ford;Car;Taurus;SHO;Automatic 5;Red;1;30200;30200;41960;####
Ford;Car;Taurus;SHO;Manual 5;Blue;2;30200;60400;41920;####
Ford;Car;Taurus;SHO;Manual 5;Blue;2;30200;60400;41925;####
Ford;Car;Taurus;SHO;Manual 5;Blue;2;30200;60400;41933;####
Ford;Car;Taurus;SHO;Manual 5;Red;2;30200;60400;41941;####
Ford;Car;Taurus;SHO;Manual 5;Red;2;30200;60400;41950;####
Ford;Car;Taurus;SHO;Manual 5;Red;2;30200;60400;41935;####
Toyota;SUV;Sequoia;SR5;Automatic 6;Gray;1;41555;41555;41883;####
Toyota;SUV;Sequoia;SR5;Automatic 6;Gray;1;41555;41555;41890;####
Toyota;SUV;Sequoia;SR5;Automatic 6;Gray;1;41555;41555;41864;####
Toyota;SUV;Sequoia;SR5;Automatic 6;Gray;1;41555;41555;41865;####
Toyota;SUV;Sequoia;SR5;Automatic 6;Gray;1;41555;41555;41884;####
Toyota;SUV;Sequoia;SR5;Automatic 6;Silver;1;41555;41555;41891;####
Toyota;SUV;Sequoia;SR5;Automatic 6;Silver;1;41555;41555;41901;####
Toyota;SUV;Sequoia;SR5;Automatic 6;Silver;1;41555;41555;41908;####
Toyota;SUV;Sequoia;SR5;Automatic 6;White;1;41555;41555;41913;####
Toyota;SUV;Sequoia;SR5;Automatic 6;White;1;41555;41555;41914;####
Ford;Truck;F-250;Short Bed Extended;Automatic 6;Black;1;31190;31190;41820;####
Ford;Truck;F-250;Short Bed Extended;Automatic 6;Black;1;31190;31190;41824;####
Ford;Truck;F-250;Short Bed Extended;Automatic 6;Black;1;31190;31190;41828;####
Ford;Truck;F-250;Short Bed Extended;Automatic 6;Black;1;31190;31190;41822;####
Ford;Truck;F-250;Short Bed Extended;Automatic 6;Red;1;31190;31190;41803;####
Ford;Truck;F-250;Short Bed Extended;Automatic 6;Red;1;31190;31190;41806;####
Ford;Truck;F-250;Short Bed Extended;Automatic 6;Red;1;31190;31190;41807;####
Ford;Truck;F-250;Short Bed Extended;Automatic 6;Red;1;31190;31190;41815;####
Ford;Truck;F-250;Short Bed Extended;Automatic 6;White;1;31190;31190;41829;####
Ford;Truck;F-250;Short Bed Extended;Automatic 6;White;1;31190;31190;41834;####
Ford;SUV;Edge;Sport;Automatic 6;Blue;2;37100;74200;41852;####
Ford;SUV;Edge;Sport;Automatic 6;Blue;2;37100;74200;41855;####
Ford;SUV;Edge;Sport;Automatic 6;Blue;2;37100;74200;41869;####
Ford;SUV;Edge;Sport;Automatic 6;Blue;2;37100;74200;41872;####
Ford;SUV;Edge;Sport;Automatic 6;Red;1;37100;37100;41841;####
Ford;SUV;Edge;Sport;Automatic 6;Silver;1;37100;37100;41821;####
Ford;SUV;Edge;Sport;Automatic 6;Silver;1;37100;37100;41830;####
Ford;SUV;Edge;Sport;Automatic 6;Silver;1;37100;37100;41834;####
Ford;SUV;Edge;Sport;Automatic 6;Silver;1;37100;37100;41837;####
Ford;SUV;Explorer;Sport;Automatic 6;Blue;2;40780;81560;41576;####
Ford;SUV;Explorer;Sport;Automatic 6;Blue;2;40780;81560;41578;####
Ford;SUV;Explorer;Sport;Automatic 6;Blue;2;40780;81560;41586;####
Ford;SUV;Explorer;Sport;Automatic 6;Blue;1;40780;40780;41589;####
Ford;SUV;Explorer;Sport;Automatic 6;Green;2;40780;81560;41554;####
Ford;SUV;Explorer;Sport;Automatic 6;Green;2;40780;81560;41549;####
Ford;SUV;Explorer;Sport;Automatic 6;Green;2;40780;81560;41550;####
Ford;SUV;Explorer;Sport;Automatic 6;Red;2;40780;81560;41555;####
Ford;SUV;Explorer;Sport;Automatic 6;Red;2;40780;81560;41557;####
Ford;SUV;Explorer;Sport;Automatic 6;Red;2;40780;81560;41561;####
Ford;SUV;Explorer;Sport;Automatic 6;Red;2;40780;81560;41562;####
Toyota;SUV;FJ Cruiser;Sport;Manual 6;Black;1;26115;26115;41577;####
Toyota;SUV;FJ Cruiser;Sport;Manual 6;Black;1;26115;26115;41569;####
Toyota;SUV;FJ Cruiser;Sport;Manual 6;Black;1;26115;26115;41572;####
Toyota;SUV;FJ Cruiser;Sport;Manual 6;Blue;1;26115;26115;41523;####
Toyota;SUV;FJ Cruiser;Sport;Manual 6;Blue;1;26115;26115;41537;####
Toyota;SUV;FJ Cruiser;Sport;Manual 6;Blue;1;26115;26115;41541;####
Toyota;SUV;FJ Cruiser;Sport;Manual 6;Blue;1;26115;26115;41542;####
Toyota;SUV;FJ Cruiser;Sport;Manual 6;Green;1;26115;26115;41551;####
Toyota;SUV;FJ Cruiser;Sport;Manual 6;Green;1;26115;26115;41561;####
Toyota;SUV;FJ Cruiser;Sport;Manual 6;Green;1;26115;26115;41568;####
Toyota;SUV;FJ Cruiser;Sport;Manual 6;Green;1;26115;26115;41550;####
Volkswagen;SUV;Touareg;Sport;Automatic 8;Black;2;43945;87890;41817;####
Volkswagen;SUV;Touareg;Sport;Automatic 8;Blue;2;43945;87890;41772;####
Volkswagen;SUV;Touareg;Sport;Automatic 8;Blue;2;43945;87890;41773;####
Volkswagen;SUV;Touareg;Sport;Automatic 8;Blue;2;43945;87890;41778;####
Volkswagen;SUV;Touareg;Sport;Automatic 8;Silver;2;43945;87890;41788;####
Volkswagen;SUV;Touareg;Sport;Automatic 8;Silver;2;43945;87890;41794;####
Volkswagen;SUV;Touareg;Sport;Automatic 8;Silver;2;43945;87890;41806;####
Volkswagen;SUV;Touareg;Sport;Automatic 8;Silver;2;43945;87890;41785;####
Volkswagen;SUV;Touareg;Sport;Automatic 8;White;2;43945;87890;41795;####
Volkswagen;SUV;Touareg;Sport;Automatic 8;White;2;43945;87890;41799;####
Volkswagen;SUV;Touareg;Sport;Automatic 8;White;2;43945;87890;41801;####
Chevrolet;Car;Corvette;Sport Coupe;Automatic 6;Orange;2;56000;112000;41919;####
Chevrolet;Car;Corvette;Sport Coupe;Automatic 6;Orange;2;56000;112000;41925;####
Chevrolet;Car;Corvette;Sport Coupe;Automatic 6;Orange;2;56000;112000;41915;####
Chevrolet;Car;Corvette;Sport Coupe;Automatic 6;Orange;1;56000;56000;41904;####
Chevrolet;Car;Corvette;Sport Coupe;Manual 6;Orange;1;56000;56000;41890;####
Chevrolet;Car;Corvette;Sport Coupe;Manual 6;Orange;1;56000;56000;41900;####
Chevrolet;Car;Corvette;Sport Coupe;Manual 6;Yellow;1;56000;56000;41879;####
Chevrolet;Car;Corvette;Sport Coupe;Manual 6;Yellow;1;56000;56000;41869;####
Chevrolet;Car;Corvette;Sport Coupe;Manual 6;Yellow;1;56000;56000;41876;####
Toyota;Truck;Tundra;Standard Bed Extended;Automatic 5;Gray;2;27365;54730;41544;####
Toyota;Truck;Tundra;Standard Bed Extended;Automatic 5;Gray;2;27365;54730;41541;####
Toyota;Truck;Tundra;Standard Bed Extended;Automatic 5;Gray;2;27365;54730;41542;####
Toyota;Truck;Tundra;Standard Bed Extended;Automatic 6;Blue;1;27365;27365;41606;####
Toyota;Truck;Tundra;Standard Bed Extended;Automatic 6;Blue;1;27365;27365;41607;####
Toyota;Truck;Tundra;Standard Bed Extended;Automatic 6;Blue;1;27365;27365;41571;####
Toyota;Truck;Tundra;Standard Bed Extended;Automatic 6;Red;1;27365;27365;41556;####
Toyota;Truck;Tundra;Standard Bed Extended;Automatic 6;White;1;27365;27365;41561;####
Toyota;Truck;Tundra;Standard Bed Extended;Automatic 6;White;1;27365;27365;41565;####
Toyota;Truck;Tundra;Standard Bed Regular;Automatic 5;Gray;2;25155;50310;41442;####
Toyota;Truck;Tundra;Standard Bed Regular;Automatic 5;Gray;2;25155;50310;41444;####
Toyota;Truck;Tundra;Standard Bed Regular;Automatic 5;Red;2;25155;50310;41435;####
Toyota;Truck;Tundra;Standard Bed Regular;Automatic 5;Red;2;25155;50310;41436;####
Toyota;Truck;Tundra;Standard Bed Regular;Automatic 6;Gray;2;25155;50310;41487;####
Toyota;Truck;Tundra;Standard Bed Regular;Automatic 6;Red;2;25155;50310;41491;####
Volkswagen;Car;Beetle;TDI;Automatic 6;Silver;1;23495;23495;41653;####
Volkswagen;Car;Beetle;TDI;Automatic 6;Silver;1;23495;23495;41659;####
Volkswagen;Car;Beetle;TDI;Manual 6;Blue;2;23495;46990;41600;####
Volkswagen;Car;Beetle;TDI;Manual 6;Blue;2;23495;46990;41603;####
Volkswagen;Car;Beetle;TDI;Manual 6;White;2;23495;46990;41607;####
Volkswagen;Car;Beetle;TDI;Manual 6;White;2;23495;46990;41617;####
Volkswagen;Car;Beetle;TDI;Manual 6;White;2;23495;46990;41620;####
Volkswagen;Car;Beetle;TDI;Manual 6;White;2;23495;46990;41652;####
Volkswagen;Car;Golf;TDI;Automatic 6;Black;1;25335;25335;41757;####
Volkswagen;Car;Golf;TDI;Automatic 6;Black;1;25335;25335;41758;####
Volkswagen;Car;Golf;TDI;Automatic 6;Black;1;25335;25335;41733;####
Volkswagen;Car;Golf;TDI;Automatic 6;Black;1;25335;25335;41738;####
Volkswagen;Car;Golf;TDI;Automatic 6;Black;1;25335;25335;41746;####
Volkswagen;Car;Golf;TDI;Manual 6;Blue;1;25335;25335;41730;####
Volkswagen;Car;Golf;TDI;Manual 6;Blue;1;25335;25335;41709;####
Volkswagen;Car;Golf;TDI;Manual 6;Blue;1;25335;25335;41711;####
Volkswagen;Car;Golf;TDI;Manual 6;Blue;1;25335;25335;41723;####
Volkswagen;SUV;Touareg;TDI Executive Sport;Automatic 8;Black;2;59175;118350;41379;####
Volkswagen;SUV;Touareg;TDI Executive Sport;Automatic 8;Blue;2;59175;118350;41372;####
Volkswagen;SUV;Touareg;TDI Executive Sport;Automatic 8;Blue;2;59175;118350;41373;####
Volkswagen;SUV;Touareg;TDI Executive Sport;Automatic 8;Silver;2;59175;118350;41305;####
Volkswagen;SUV;Touareg;TDI Executive Sport;Automatic 8;Silver;2;59175;118350;41339;####
Volkswagen;SUV;Touareg;TDI Executive Sport;Automatic 8;Silver;2;59175;118350;41351;####
Volkswagen;SUV;Touareg;TDI Executive Sport;Automatic 8;Silver;2;59175;118350;41352;####
Volkswagen;SUV;Touareg;TDI Executive Sport;Automatic 8;White;2;59175;118350;41409;####
Volkswagen;SUV;Touareg;TDI Executive Sport;Automatic 8;White;2;59175;118350;41382;####
Volkswagen;SUV;Touareg;TDI Executive Sport;Automatic 8;White;2;59175;118350;41388;####
Volkswagen;SUV;Touareg;TDI Lux Sport;Automatic 8;Black;1;53450;53450;41970;####
Volkswagen;SUV;Touareg;TDI Lux Sport;Automatic 8;Black;1;53450;53450;41976;####
Volkswagen;SUV;Touareg;TDI Lux Sport;Automatic 8;Black;1;53450;53450;41971;####
Volkswagen;SUV;Touareg;TDI Lux Sport;Automatic 8;Black;1;53450;53450;41975;####
Volkswagen;SUV;Touareg;TDI Lux Sport;Automatic 8;Silver;1;53450;53450;41939;####
Volkswagen;SUV;Touareg;TDI Lux Sport;Automatic 8;Silver;1;53450;53450;41946;####
Volkswagen;SUV;Touareg;TDI Lux Sport;Automatic 8;Silver;1;53450;53450;41953;####
Volkswagen;SUV;Touareg;TDI Lux Sport;Automatic 8;Silver;1;53450;53450;41955;####
Volkswagen;Car;Passat;TDI SE;Automatic 6;Black;1;26225;26225;41338;####
Volkswagen;Car;Passat;TDI SE;Automatic 6;Black;1;26225;26225;41348;####
Volkswagen;Car;Passat;TDI SE;Automatic 6;Blue;1;26225;26225;41334;####
Volkswagen;Car;Passat;TDI SE;Automatic 6;Blue;1;26225;26225;41324;####
Volkswagen;Car;Passat;TDI SE;Automatic 6;Silver;1;26225;26225;41316;####
Volkswagen;Car;Passat;TDI SE;Automatic 6;Silver;1;26225;26225;41319;####
Volkswagen;Car;Passat;TDI SE;Manual 6;Red;1;26225;26225;41970;####
Volkswagen;Car;Passat;TDI SE;Manual 6;Red;1;26225;26225;41985;####
Volkswagen;Car;Passat;TDI SE;Manual 6;Red;1;26225;26225;41988;####
Volkswagen;Car;Passat;TDI SE;Manual 6;Silver;1;26225;26225;41313;####
Volkswagen;Car;Passat;TDI SE;Manual 6;Silver;1;26225;26225;41297;####
Volkswagen;Car;Passat;TDI SEL;Manual 6;Black;2;32915;65830;41514;####
Volkswagen;Car;Passat;TDI SEL;Manual 6;Black;2;32915;65830;41509;####
Volkswagen;Car;Passat;TDI SEL;Manual 6;Blue;1;32915;32915;41421;####
Volkswagen;Car;Passat;TDI SEL;Manual 6;Blue;1;32915;32915;41429;####
Volkswagen;Car;Passat;TDI SEL;Manual 6;Blue;1;32915;32915;41435;####
Volkswagen;Car;Passat;TDI SEL;Manual 6;Blue;2;32915;65830;41444;####
Volkswagen;Car;Passat;TDI SEL;Manual 6;Red;2;32915;65830;41453;####
Volkswagen;Car;Passat;TDI SEL;Manual 6;Red;2;32915;65830;41445;####
Volkswagen;Car;Passat;TDI SEL;Manual 6;Silver;2;32915;65830;41466;####
Volkswagen;Car;Passat;TDI SEL;Manual 6;Silver;2;32915;65830;41480;####
Volkswagen;SUV;Touareg;TDI Sport;Automatic 8;Black;1;47445;47445;41855;####
Volkswagen;SUV;Touareg;TDI Sport;Automatic 8;Black;1;47445;47445;41852;####
Volkswagen;SUV;Touareg;TDI Sport;Automatic 8;Black;1;47445;47445;41845;####
Volkswagen;SUV;Touareg;TDI Sport;Automatic 8;Blue;2;47445;94890;41828;####
Volkswagen;SUV;Touareg;TDI Sport;Automatic 8;Silver;2;47445;94890;41830;####
Volkswagen;SUV;Touareg;TDI Sport;Automatic 8;Silver;2;47445;94890;41831;####
Volkswagen;SUV;Touareg;TDI Sport;Automatic 8;Silver;1;47445;47445;41834;####
Ford;Car;Fusion;Titanium Sedan;Automatic 6;Red;1;30200;30200;41767;####
Ford;Car;Fusion;Titanium Sedan;Automatic 6;White;1;30200;30200;41820;####
Ford;Car;Fusion;Titanium Sedan;Automatic 6;White;1;30200;30200;41799;####
Ford;Car;Fusion;Titanium Sedan;Automatic 6;White;1;30200;30200;41773;####
Ford;Car;Fusion;Titanium Sedan;Manual 6;Red;1;30200;30200;41760;####
Ford;Car;Fusion;Titanium Sedan;Manual 6;Red;1;30200;30200;41764;####
Ford;Car;Fusion;Titanium Sedan;Manual 6;Silver;1;30200;30200;41726;####
Ford;Car;Fusion;Titanium Sedan;Manual 6;Silver;1;30200;30200;41743;####
Ford;Car;Fusion;Titanium Sedan;Manual 6;Silver;1;30200;30200;41746;####
Ford;Car;Fusion;Titanium Sedan;Manual 6;White;1;30200;30200;41753;####
Toyota;Truck;Tacoma;X-Runner Extended;Automatic 5;Gray;1;26630;26630;41361;####
Toyota;Truck;Tacoma;X-Runner Extended;Automatic 5;Gray;1;26630;26630;41393;####
Toyota;Truck;Tacoma;X-Runner Extended;Automatic 5;Gray;1;26630;26630;41367;####
Toyota;Truck;Tacoma;X-Runner Extended;Manual 5;Black;1;26630;26630;41402;####
Toyota;Truck;Tacoma;X-Runner Extended;Manual 5;Black;1;26630;26630;41397;####
Toyota;Truck;Tacoma;X-Runner Extended;Manual 6;Black;1;26630;26630;41417;####
Toyota;Truck;Tacoma;X-Runner Extended;Manual 6;Silver;1;26630;26630;41410;####
Toyota;Truck;Tacoma;X-Runner Extended;Manual 6;Silver;1;26630;26630;41414;####
Toyota;Truck;Tacoma;X-Runner Extended;Manual 6;White;1;26630;26630;41422;####
Toyota;Truck;Tacoma;X-Runner Extended;Manual 6;White;1;26630;26630;41428;####
Ford;Van;Transit;XL Cargo;Automatic 4;Blue;1;22035;22035;41619;####
Ford;Van;Transit;XL Cargo;Automatic 4;Blue;1;22035;22035;41596;####
Ford;Van;Transit;XL Cargo;Automatic 4;Blue;1;22035;22035;41632;####
Ford;Van;Transit;XL Cargo;Automatic 4;Blue;1;22035;22035;41603;####
Ford;Van;Transit;XL Cargo;Automatic 4;Red;1;22035;22035;41668;####
Ford;Van;Transit;XL Cargo;Automatic 4;Red;1;22035;22035;41674;####
Ford;Van;Transit;XL Cargo;Automatic 4;White;1;22035;22035;41640;####
Ford;Van;Transit;XL Cargo;Automatic 4;White;1;22035;22035;41660;####
Ford;Van;Transit;XL Cargo;Automatic 4;White;1;22035;22035;41634;####
Toyota;Car;Camry;XLE;Automatic 6;Black;1;23220;23220;41976;####
Toyota;Car;Camry;XLE;Automatic 6;Black;1;23220;23220;41982;####
Toyota;Car;Camry;XLE;Automatic 6;Black;1;23220;23220;41975;####
Toyota;Car;Camry;XLE;Automatic 6;Black;1;23220;23220;41989;####
Toyota;Car;Camry;XLE;Automatic 6;Black;1;23220;23220;41960;####
Toyota;Car;Camry;XLE;Automatic 6;Black;1;23220;23220;41961;####
Toyota;Car;Camry;XLE;Manual 6;Black;1;23220;23220;41941;####
Toyota;Car;Camry;XLE;Manual 6;Black;1;23220;23220;41912;####
Toyota;Car;Camry;XLE;Manual 6;Black;1;23220;23220;41947;####
Toyota;Car;Camry;XLE;Manual 6;Black;1;23220;23220;41922;####
Toyota;Car;Camry;XLE;Manual 6;Black;1;23220;23220;41904;####
Toyota;Van;Sienna;XLE 7-Passenger;Automatic 6;Blue;1;35545;35545;41710;####
Toyota;Van;Sienna;XLE 7-Passenger;Automatic 6;Blue;1;35545;35545;41689;####
Toyota;Van;Sienna;XLE 7-Passenger;Automatic 6;Blue;1;35545;35545;41694;####
Toyota;Van;Sienna;XLE 7-Passenger;Automatic 6;Blue;1;35545;35545;41695;####
Toyota;Van;Sienna;XLE 7-Passenger;Automatic 6;Silver;1;35545;35545;41726;####
Toyota;Van;Sienna;XLE 7-Passenger;Automatic 6;Silver;1;35545;35545;41745;####
Toyota;Van;Sienna;XLE 7-Passenger;Automatic 6;Silver;1;35545;35545;41723;####
Toyota;Van;Sienna;XLE 7-Passenger;Automatic 6;White;2;35545;71090;41772;####
Toyota;Van;Sienna;XLE 7-Passenger;Automatic 6;White;1;35545;35545;41761;####
Toyota;Van;Sienna;XLE 7-Passenger;Automatic 6;White;1;35545;35545;41747;####
Toyota;Van;Sienna;XLE 8-Passenger;Automatic 6;Blue;1;33205;33205;41597;####
Toyota;Van;Sienna;XLE 8-Passenger;Automatic 6;Gray;1;33205;33205;41586;####
Toyota;Van;Sienna;XLE 8-Passenger;Automatic 6;Gray;1;33205;33205;41569;####
Toyota;Van;Sienna;XLE 8-Passenger;Automatic 6;Green;1;33205;33205;41556;####
Toyota;Van;Sienna;XLE 8-Passenger;Automatic 6;Red;1;33205;33205;41534;####
Toyota;Van;Sienna;XLE 8-Passenger;Automatic 6;Red;1;33205;33205;41508;####
Toyota;Van;Sienna;XLE 8-Passenger;Automatic 6;Red;1;33205;33205;41509;####
Toyota;Van;Sienna;XLE 8-Passenger;Automatic 6;Silver;1;33205;33205;41548;####
Toyota;Van;Sienna;XLE 8-Passenger;Automatic 6;Silver;1;33205;33205;41549;####
Toyota;Van;Sienna;XLE 8-Passenger;Automatic 6;Silver;1;33205;33205;41541;####
Ford;SUV;Explorer;XLT;Automatic 6;Blue;1;32680;32680;41442;####
Ford;SUV;Explorer;XLT;Automatic 6;Blue;1;32680;32680;41443;####
Ford;SUV;Explorer;XLT;Automatic 6;Green;1;32680;32680;41422;####
Ford;SUV;Explorer;XLT;Automatic 6;Green;1;32680;32680;41402;####
Ford;SUV;Explorer;XLT;Automatic 6;Green;1;32680;32680;41437;####
Ford;SUV;Explorer;XLT;Automatic 6;Green;1;32680;32680;41409;####
Ford;SUV;Explorer;XLT;Automatic 6;Green;1;32680;32680;41382;####
Ford;SUV;Explorer;XLT;Automatic 6;Red;1;32680;32680;41463;####
Ford;SUV;Explorer;XLT;Automatic 6;Red;1;32680;32680;41438;####
Ford;SUV;Explorer;XLT;Automatic 6;Red;1;32680;32680;41446;####
Ford;Van;Transit;XLT Cargo;Automatic 4;Blue;1;23095;23095;41731;####
Ford;Van;Transit;XLT Cargo;Automatic 4;Blue;1;23095;23095;41746;####
Ford;Van;Transit;XLT Cargo;Automatic 4;Red;1;23095;23095;41677;####
Ford;Van;Transit;XLT Cargo;Automatic 4;Red;1;23095;23095;41683;####
Ford;Van;Transit;XLT Cargo;Automatic 4;Red;1;23095;23095;41688;####
Ford;Van;Transit;XLT Cargo;Automatic 4;White;1;23095;23095;41729;####
Ford;Van;Transit;XLT Cargo;Automatic 4;White;1;23095;23095;41703;####
Ford;Van;Transit;XLT Cargo;Automatic 4;White;1;23095;23095;41712;####
Ford;Van;Transit;XLT Cargo;Automatic 4;White;1;23095;23095;41689;####
Ford;Van;Transit;XLT Cargo;Automatic 4;White;1;23095;23095;41696;####
Ford;Van;Transit;XLT Passenger;Automatic 4;Blue;1;23660;23660;41757;####
Ford;Van;Transit;XLT Passenger;Automatic 4;Blue;1;23660;23660;41765;####
Ford;Van;Transit;XLT Passenger;Automatic 4;Blue;1;23660;23660;41766;####
Ford;Van;Transit;XLT Passenger;Automatic 4;Blue;1;23660;23660;41753;####
Ford;Van;Transit;XLT Passenger;Automatic 4;Red;1;23660;23660;41789;####
Ford;Van;Transit;XLT Passenger;Automatic 4;Red;1;23660;23660;41792;####
Ford;Van;Transit;XLT Passenger;Automatic 4;Red;1;23660;23660;41778;####
Ford;Van;Transit;XLT Passenger;Automatic 4;Red;1;23660;23660;41780;####
Ford;Van;Transit;XLT Passenger;Automatic 4;Red;1;23660;23660;41781;####
Ford;Van;Transit;XLT Passenger;Automatic 4;White;1;23660;23660;41802;####
Ford;Van;Transit;XLT Passenger;Automatic 4;White;1;23660;23660;41793;####
Skoda;SUV;Yeti;Yeti;Automatic 6;Blue;2;21340;42680;41283;####
Skoda;SUV;Yeti;Yeti;Automatic 6;Blue;2;21340;42680;41285;####
Skoda;SUV;Yeti;Yeti;Automatic 6;Blue;2;21340;42680;41276;####
Skoda;SUV;Yeti;Yeti;Automatic 6;Blue;2;21340;42680;41288;####
Skoda;SUV;Yeti;Yeti;Automatic 6;Blue;2;21340;42680;41291;####
Skoda;SUV;Yeti;Yeti;Manual 6;Blue;2;21340;42680;41275;####
Skoda;SUV;Yeti;Yeti;Manual 6;Red;2;21340;42680;41982;####
Skoda;SUV;Yeti;Yeti;Manual 6;Red;2;21340;42680;41963;####
Skoda;SUV;Yeti;Yeti;Manual 6;Red;2;21340;42680;41999;####
Chevrolet;Car;Corvette;ZR1 Coupe;Manual 6;Black;1;111600;111600;41970;####
Chevrolet;Car;Corvette;ZR1 Coupe;Manual 6;Black;3;111600;334800;41978;####
Chevrolet;Car;Corvette;ZR1 Coupe;Manual 6;Black;1;111600;111600;41975;####
Chevrolet;Car;Corvette;ZR1 Coupe;Manual 6;Orange;2;111600;223200;41950;####
Chevrolet;Car;Corvette;ZR1 Coupe;Manual 6;Orange;2;111600;223200;41927;####
Chevrolet;Car;Corvette;ZR1 Coupe;Manual 6;Orange;2;111600;223200;41946;####
Chevrolet;Car;Corvette;ZR1 Coupe;Manual 6;Orange;2;111600;223200;41936;####
Chevrolet;Car;Corvette;ZR1 Coupe;Manual 6;Red;1;111600;111600;41969;####
Chevrolet;Car;Corvette;ZR1 Coupe;Manual 6;Yellow;2;111600;223200;41967;####
Chevrolet;Car;Corvette;ZR1 Coupe;Manual 6;Yellow;2;111600;223200;41968;###